filename,split,label,path
skin_benign_skin_000.jpg,train,benign_skin,C:\Users\SHANMUGA\Desktop\gut\data\skin\train\benign_skin\skin_benign_skin_000.jpg
skin_benign_skin_001.jpg,train,benign_skin,C:\Users\SHANMUGA\Desktop\gut\data\skin\train\benign_skin\skin_benign_skin_001.jpg
skin_benign_skin_002.jpg,train,benign_skin,C:\Users\SHANMUGA\Desktop\gut\data\skin\train\benign_skin\skin_benign_skin_002.jpg
skin_benign_skin_003.jpg,train,benign_skin,C:\Users\SHANMUGA\Desktop\gut\data\skin\train\benign_skin\skin_benign_skin_003.jpg
skin_benign_skin_004.jpg,train,benign_skin,C:\Users\SHANMUGA\Desktop\gut\data\skin\train\benign_skin\skin_benign_skin_004.jpg
skin_benign_skin_005.jpg,train,benign_skin,C:\Users\SHANMUGA\Desktop\gut\data\skin\train\benign_skin\skin_benign_skin_005.jpg
skin_benign_skin_006.jpg,train,benign_skin,C:\Users\SHANMUGA\Desktop\gut\data\skin\train\benign_skin\skin_benign_skin_006.jpg
skin_benign_skin_007.jpg,train,benign_skin,C:\Users\SHANMUGA\Desktop\gut\data\skin\train\benign_skin\skin_benign_skin_007.jpg
skin_benign_skin_008.jpg,train,benign_skin,C:\Users\SHANMUGA\Desktop\gut\data\skin\train\benign_skin\skin_benign_skin_008.jpg
skin_benign_skin_009.jpg,train,benign_skin,C:\Users\SHANMUGA\Desktop\gut\data\skin\train\benign_skin\skin_benign_skin_009.jpg
skin_benign_skin_010.jpg,train,benign_skin,C:\Users\SHANMUGA\Desktop\gut\data\skin\train\benign_skin\skin_benign_skin_010.jpg
skin_benign_skin_011.jpg,train,benign_skin,C:\Users\SHANMUGA\Desktop\gut\data\skin\train\benign_skin\skin_benign_skin_011.jpg
skin_benign_skin_012.jpg,train,benign_skin,C:\Users\SHANMUGA\Desktop\gut\data\skin\train\benign_skin\skin_benign_skin_012.jpg
skin_benign_skin_013.jpg,train,benign_skin,C:\Users\SHANMUGA\Desktop\gut\data\skin\train\benign_skin\skin_benign_skin_013.jpg
skin_benign_skin_014.jpg,train,benign_skin,C:\Users\SHANMUGA\Desktop\gut\data\skin\train\benign_skin\skin_benign_skin_014.jpg
skin_benign_skin_015.jpg,train,benign_skin,C:\Users\SHANMUGA\Desktop\gut\data\skin\train\benign_skin\skin_benign_skin_015.jpg
skin_benign_skin_016.jpg,train,benign_skin,C:\Users\SHANMUGA\Desktop\gut\data\skin\train\benign_skin\skin_benign_skin_016.jpg
skin_benign_skin_017.jpg,train,benign_skin,C:\Users\SHANMUGA\Desktop\gut\data\skin\train\benign_skin\skin_benign_skin_017.jpg
skin_benign_skin_018.jpg,train,benign_skin,C:\Users\SHANMUGA\Desktop\gut\data\skin\train\benign_skin\skin_benign_skin_018.jpg
skin_benign_skin_019.jpg,train,benign_skin,C:\Users\SHANMUGA\Desktop\gut\data\skin\train\benign_skin\skin_benign_skin_019.jpg
skin_benign_skin_020.jpg,train,benign_skin,C:\Users\SHANMUGA\Desktop\gut\data\skin\train\benign_skin\skin_benign_skin_020.jpg
skin_benign_skin_021.jpg,train,benign_skin,C:\Users\SHANMUGA\Desktop\gut\data\skin\train\benign_skin\skin_benign_skin_021.jpg
skin_benign_skin_022.jpg,train,benign_skin,C:\Users\SHANMUGA\Desktop\gut\data\skin\train\benign_skin\skin_benign_skin_022.jpg
skin_benign_skin_023.jpg,train,benign_skin,C:\Users\SHANMUGA\Desktop\gut\data\skin\train\benign_skin\skin_benign_skin_023.jpg
skin_benign_skin_024.jpg,train,benign_skin,C:\Users\SHANMUGA\Desktop\gut\data\skin\train\benign_skin\skin_benign_skin_024.jpg
skin_benign_skin_025.jpg,train,benign_skin,C:\Users\SHANMUGA\Desktop\gut\data\skin\train\benign_skin\skin_benign_skin_025.jpg
skin_benign_skin_026.jpg,train,benign_skin,C:\Users\SHANMUGA\Desktop\gut\data\skin\train\benign_skin\skin_benign_skin_026.jpg
skin_benign_skin_027.jpg,train,benign_skin,C:\Users\SHANMUGA\Desktop\gut\data\skin\train\benign_skin\skin_benign_skin_027.jpg
skin_benign_skin_028.jpg,train,benign_skin,C:\Users\SHANMUGA\Desktop\gut\data\skin\train\benign_skin\skin_benign_skin_028.jpg
skin_benign_skin_029.jpg,train,benign_skin,C:\Users\SHANMUGA\Desktop\gut\data\skin\train\benign_skin\skin_benign_skin_029.jpg
skin_benign_skin_030.jpg,train,benign_skin,C:\Users\SHANMUGA\Desktop\gut\data\skin\train\benign_skin\skin_benign_skin_030.jpg
skin_benign_skin_031.jpg,train,benign_skin,C:\Users\SHANMUGA\Desktop\gut\data\skin\train\benign_skin\skin_benign_skin_031.jpg
skin_benign_skin_032.jpg,train,benign_skin,C:\Users\SHANMUGA\Desktop\gut\data\skin\train\benign_skin\skin_benign_skin_032.jpg
skin_benign_skin_033.jpg,train,benign_skin,C:\Users\SHANMUGA\Desktop\gut\data\skin\train\benign_skin\skin_benign_skin_033.jpg
skin_benign_skin_034.jpg,train,benign_skin,C:\Users\SHANMUGA\Desktop\gut\data\skin\train\benign_skin\skin_benign_skin_034.jpg
skin_benign_skin_035.jpg,train,benign_skin,C:\Users\SHANMUGA\Desktop\gut\data\skin\train\benign_skin\skin_benign_skin_035.jpg
skin_benign_skin_036.jpg,train,benign_skin,C:\Users\SHANMUGA\Desktop\gut\data\skin\train\benign_skin\skin_benign_skin_036.jpg
skin_benign_skin_037.jpg,train,benign_skin,C:\Users\SHANMUGA\Desktop\gut\data\skin\train\benign_skin\skin_benign_skin_037.jpg
skin_benign_skin_038.jpg,train,benign_skin,C:\Users\SHANMUGA\Desktop\gut\data\skin\train\benign_skin\skin_benign_skin_038.jpg
skin_benign_skin_039.jpg,train,benign_skin,C:\Users\SHANMUGA\Desktop\gut\data\skin\train\benign_skin\skin_benign_skin_039.jpg
skin_benign_skin_040.jpg,train,benign_skin,C:\Users\SHANMUGA\Desktop\gut\data\skin\train\benign_skin\skin_benign_skin_040.jpg
skin_benign_skin_041.jpg,train,benign_skin,C:\Users\SHANMUGA\Desktop\gut\data\skin\train\benign_skin\skin_benign_skin_041.jpg
skin_benign_skin_042.jpg,train,benign_skin,C:\Users\SHANMUGA\Desktop\gut\data\skin\train\benign_skin\skin_benign_skin_042.jpg
skin_benign_skin_043.jpg,train,benign_skin,C:\Users\SHANMUGA\Desktop\gut\data\skin\train\benign_skin\skin_benign_skin_043.jpg
skin_benign_skin_044.jpg,train,benign_skin,C:\Users\SHANMUGA\Desktop\gut\data\skin\train\benign_skin\skin_benign_skin_044.jpg
skin_benign_skin_045.jpg,train,benign_skin,C:\Users\SHANMUGA\Desktop\gut\data\skin\train\benign_skin\skin_benign_skin_045.jpg
skin_benign_skin_046.jpg,train,benign_skin,C:\Users\SHANMUGA\Desktop\gut\data\skin\train\benign_skin\skin_benign_skin_046.jpg
skin_benign_skin_047.jpg,train,benign_skin,C:\Users\SHANMUGA\Desktop\gut\data\skin\train\benign_skin\skin_benign_skin_047.jpg
skin_benign_skin_048.jpg,train,benign_skin,C:\Users\SHANMUGA\Desktop\gut\data\skin\train\benign_skin\skin_benign_skin_048.jpg
skin_benign_skin_049.jpg,train,benign_skin,C:\Users\SHANMUGA\Desktop\gut\data\skin\train\benign_skin\skin_benign_skin_049.jpg
skin_benign_skin_050.jpg,train,benign_skin,C:\Users\SHANMUGA\Desktop\gut\data\skin\train\benign_skin\skin_benign_skin_050.jpg
skin_benign_skin_051.jpg,train,benign_skin,C:\Users\SHANMUGA\Desktop\gut\data\skin\train\benign_skin\skin_benign_skin_051.jpg
skin_benign_skin_052.jpg,train,benign_skin,C:\Users\SHANMUGA\Desktop\gut\data\skin\train\benign_skin\skin_benign_skin_052.jpg
skin_benign_skin_053.jpg,train,benign_skin,C:\Users\SHANMUGA\Desktop\gut\data\skin\train\benign_skin\skin_benign_skin_053.jpg
skin_benign_skin_054.jpg,train,benign_skin,C:\Users\SHANMUGA\Desktop\gut\data\skin\train\benign_skin\skin_benign_skin_054.jpg
skin_benign_skin_055.jpg,train,benign_skin,C:\Users\SHANMUGA\Desktop\gut\data\skin\train\benign_skin\skin_benign_skin_055.jpg
skin_benign_skin_056.jpg,train,benign_skin,C:\Users\SHANMUGA\Desktop\gut\data\skin\train\benign_skin\skin_benign_skin_056.jpg
skin_benign_skin_057.jpg,train,benign_skin,C:\Users\SHANMUGA\Desktop\gut\data\skin\train\benign_skin\skin_benign_skin_057.jpg
skin_benign_skin_058.jpg,train,benign_skin,C:\Users\SHANMUGA\Desktop\gut\data\skin\train\benign_skin\skin_benign_skin_058.jpg
skin_benign_skin_059.jpg,train,benign_skin,C:\Users\SHANMUGA\Desktop\gut\data\skin\train\benign_skin\skin_benign_skin_059.jpg
skin_benign_skin_060.jpg,train,benign_skin,C:\Users\SHANMUGA\Desktop\gut\data\skin\train\benign_skin\skin_benign_skin_060.jpg
skin_benign_skin_061.jpg,train,benign_skin,C:\Users\SHANMUGA\Desktop\gut\data\skin\train\benign_skin\skin_benign_skin_061.jpg
skin_benign_skin_062.jpg,train,benign_skin,C:\Users\SHANMUGA\Desktop\gut\data\skin\train\benign_skin\skin_benign_skin_062.jpg
skin_benign_skin_063.jpg,train,benign_skin,C:\Users\SHANMUGA\Desktop\gut\data\skin\train\benign_skin\skin_benign_skin_063.jpg
skin_benign_skin_064.jpg,train,benign_skin,C:\Users\SHANMUGA\Desktop\gut\data\skin\train\benign_skin\skin_benign_skin_064.jpg
skin_benign_skin_065.jpg,train,benign_skin,C:\Users\SHANMUGA\Desktop\gut\data\skin\train\benign_skin\skin_benign_skin_065.jpg
skin_benign_skin_066.jpg,train,benign_skin,C:\Users\SHANMUGA\Desktop\gut\data\skin\train\benign_skin\skin_benign_skin_066.jpg
skin_benign_skin_067.jpg,train,benign_skin,C:\Users\SHANMUGA\Desktop\gut\data\skin\train\benign_skin\skin_benign_skin_067.jpg
skin_benign_skin_068.jpg,train,benign_skin,C:\Users\SHANMUGA\Desktop\gut\data\skin\train\benign_skin\skin_benign_skin_068.jpg
skin_benign_skin_069.jpg,train,benign_skin,C:\Users\SHANMUGA\Desktop\gut\data\skin\train\benign_skin\skin_benign_skin_069.jpg
skin_benign_skin_070.jpg,train,benign_skin,C:\Users\SHANMUGA\Desktop\gut\data\skin\train\benign_skin\skin_benign_skin_070.jpg
skin_benign_skin_071.jpg,train,benign_skin,C:\Users\SHANMUGA\Desktop\gut\data\skin\train\benign_skin\skin_benign_skin_071.jpg
skin_benign_skin_072.jpg,train,benign_skin,C:\Users\SHANMUGA\Desktop\gut\data\skin\train\benign_skin\skin_benign_skin_072.jpg
skin_benign_skin_073.jpg,train,benign_skin,C:\Users\SHANMUGA\Desktop\gut\data\skin\train\benign_skin\skin_benign_skin_073.jpg
skin_benign_skin_074.jpg,train,benign_skin,C:\Users\SHANMUGA\Desktop\gut\data\skin\train\benign_skin\skin_benign_skin_074.jpg
skin_benign_skin_075.jpg,train,benign_skin,C:\Users\SHANMUGA\Desktop\gut\data\skin\train\benign_skin\skin_benign_skin_075.jpg
skin_benign_skin_076.jpg,train,benign_skin,C:\Users\SHANMUGA\Desktop\gut\data\skin\train\benign_skin\skin_benign_skin_076.jpg
skin_benign_skin_077.jpg,train,benign_skin,C:\Users\SHANMUGA\Desktop\gut\data\skin\train\benign_skin\skin_benign_skin_077.jpg
skin_benign_skin_078.jpg,train,benign_skin,C:\Users\SHANMUGA\Desktop\gut\data\skin\train\benign_skin\skin_benign_skin_078.jpg
skin_benign_skin_079.jpg,train,benign_skin,C:\Users\SHANMUGA\Desktop\gut\data\skin\train\benign_skin\skin_benign_skin_079.jpg
skin_benign_skin_080.jpg,val,benign_skin,C:\Users\SHANMUGA\Desktop\gut\data\skin\val\benign_skin\skin_benign_skin_080.jpg
skin_benign_skin_081.jpg,val,benign_skin,C:\Users\SHANMUGA\Desktop\gut\data\skin\val\benign_skin\skin_benign_skin_081.jpg
skin_benign_skin_082.jpg,val,benign_skin,C:\Users\SHANMUGA\Desktop\gut\data\skin\val\benign_skin\skin_benign_skin_082.jpg
skin_benign_skin_083.jpg,val,benign_skin,C:\Users\SHANMUGA\Desktop\gut\data\skin\val\benign_skin\skin_benign_skin_083.jpg
skin_benign_skin_084.jpg,val,benign_skin,C:\Users\SHANMUGA\Desktop\gut\data\skin\val\benign_skin\skin_benign_skin_084.jpg
skin_benign_skin_085.jpg,val,benign_skin,C:\Users\SHANMUGA\Desktop\gut\data\skin\val\benign_skin\skin_benign_skin_085.jpg
skin_benign_skin_086.jpg,val,benign_skin,C:\Users\SHANMUGA\Desktop\gut\data\skin\val\benign_skin\skin_benign_skin_086.jpg
skin_benign_skin_087.jpg,val,benign_skin,C:\Users\SHANMUGA\Desktop\gut\data\skin\val\benign_skin\skin_benign_skin_087.jpg
skin_benign_skin_088.jpg,val,benign_skin,C:\Users\SHANMUGA\Desktop\gut\data\skin\val\benign_skin\skin_benign_skin_088.jpg
skin_benign_skin_089.jpg,val,benign_skin,C:\Users\SHANMUGA\Desktop\gut\data\skin\val\benign_skin\skin_benign_skin_089.jpg
skin_benign_skin_090.jpg,val,benign_skin,C:\Users\SHANMUGA\Desktop\gut\data\skin\val\benign_skin\skin_benign_skin_090.jpg
skin_benign_skin_091.jpg,val,benign_skin,C:\Users\SHANMUGA\Desktop\gut\data\skin\val\benign_skin\skin_benign_skin_091.jpg
skin_benign_skin_092.jpg,val,benign_skin,C:\Users\SHANMUGA\Desktop\gut\data\skin\val\benign_skin\skin_benign_skin_092.jpg
skin_benign_skin_093.jpg,val,benign_skin,C:\Users\SHANMUGA\Desktop\gut\data\skin\val\benign_skin\skin_benign_skin_093.jpg
skin_benign_skin_094.jpg,val,benign_skin,C:\Users\SHANMUGA\Desktop\gut\data\skin\val\benign_skin\skin_benign_skin_094.jpg
skin_benign_skin_095.jpg,val,benign_skin,C:\Users\SHANMUGA\Desktop\gut\data\skin\val\benign_skin\skin_benign_skin_095.jpg
skin_benign_skin_096.jpg,val,benign_skin,C:\Users\SHANMUGA\Desktop\gut\data\skin\val\benign_skin\skin_benign_skin_096.jpg
skin_benign_skin_097.jpg,val,benign_skin,C:\Users\SHANMUGA\Desktop\gut\data\skin\val\benign_skin\skin_benign_skin_097.jpg
skin_benign_skin_098.jpg,val,benign_skin,C:\Users\SHANMUGA\Desktop\gut\data\skin\val\benign_skin\skin_benign_skin_098.jpg
skin_benign_skin_099.jpg,val,benign_skin,C:\Users\SHANMUGA\Desktop\gut\data\skin\val\benign_skin\skin_benign_skin_099.jpg
skin_benign_skin_100.jpg,test,benign_skin,C:\Users\SHANMUGA\Desktop\gut\data\skin\test\benign_skin\skin_benign_skin_100.jpg
skin_benign_skin_101.jpg,test,benign_skin,C:\Users\SHANMUGA\Desktop\gut\data\skin\test\benign_skin\skin_benign_skin_101.jpg
skin_benign_skin_102.jpg,test,benign_skin,C:\Users\SHANMUGA\Desktop\gut\data\skin\test\benign_skin\skin_benign_skin_102.jpg
skin_benign_skin_103.jpg,test,benign_skin,C:\Users\SHANMUGA\Desktop\gut\data\skin\test\benign_skin\skin_benign_skin_103.jpg
skin_benign_skin_104.jpg,test,benign_skin,C:\Users\SHANMUGA\Desktop\gut\data\skin\test\benign_skin\skin_benign_skin_104.jpg
skin_benign_skin_105.jpg,test,benign_skin,C:\Users\SHANMUGA\Desktop\gut\data\skin\test\benign_skin\skin_benign_skin_105.jpg
skin_benign_skin_106.jpg,test,benign_skin,C:\Users\SHANMUGA\Desktop\gut\data\skin\test\benign_skin\skin_benign_skin_106.jpg
skin_benign_skin_107.jpg,test,benign_skin,C:\Users\SHANMUGA\Desktop\gut\data\skin\test\benign_skin\skin_benign_skin_107.jpg
skin_benign_skin_108.jpg,test,benign_skin,C:\Users\SHANMUGA\Desktop\gut\data\skin\test\benign_skin\skin_benign_skin_108.jpg
skin_benign_skin_109.jpg,test,benign_skin,C:\Users\SHANMUGA\Desktop\gut\data\skin\test\benign_skin\skin_benign_skin_109.jpg
skin_benign_skin_110.jpg,test,benign_skin,C:\Users\SHANMUGA\Desktop\gut\data\skin\test\benign_skin\skin_benign_skin_110.jpg
skin_benign_skin_111.jpg,test,benign_skin,C:\Users\SHANMUGA\Desktop\gut\data\skin\test\benign_skin\skin_benign_skin_111.jpg
skin_benign_skin_112.jpg,test,benign_skin,C:\Users\SHANMUGA\Desktop\gut\data\skin\test\benign_skin\skin_benign_skin_112.jpg
skin_benign_skin_113.jpg,test,benign_skin,C:\Users\SHANMUGA\Desktop\gut\data\skin\test\benign_skin\skin_benign_skin_113.jpg
skin_benign_skin_114.jpg,test,benign_skin,C:\Users\SHANMUGA\Desktop\gut\data\skin\test\benign_skin\skin_benign_skin_114.jpg
skin_benign_skin_115.jpg,test,benign_skin,C:\Users\SHANMUGA\Desktop\gut\data\skin\test\benign_skin\skin_benign_skin_115.jpg
skin_benign_skin_116.jpg,test,benign_skin,C:\Users\SHANMUGA\Desktop\gut\data\skin\test\benign_skin\skin_benign_skin_116.jpg
skin_benign_skin_117.jpg,test,benign_skin,C:\Users\SHANMUGA\Desktop\gut\data\skin\test\benign_skin\skin_benign_skin_117.jpg
skin_benign_skin_118.jpg,test,benign_skin,C:\Users\SHANMUGA\Desktop\gut\data\skin\test\benign_skin\skin_benign_skin_118.jpg
skin_benign_skin_119.jpg,test,benign_skin,C:\Users\SHANMUGA\Desktop\gut\data\skin\test\benign_skin\skin_benign_skin_119.jpg
skin_erythema_rash_000.jpg,train,erythema_rash,C:\Users\SHANMUGA\Desktop\gut\data\skin\train\erythema_rash\skin_erythema_rash_000.jpg
skin_erythema_rash_001.jpg,train,erythema_rash,C:\Users\SHANMUGA\Desktop\gut\data\skin\train\erythema_rash\skin_erythema_rash_001.jpg
skin_erythema_rash_002.jpg,train,erythema_rash,C:\Users\SHANMUGA\Desktop\gut\data\skin\train\erythema_rash\skin_erythema_rash_002.jpg
skin_erythema_rash_003.jpg,train,erythema_rash,C:\Users\SHANMUGA\Desktop\gut\data\skin\train\erythema_rash\skin_erythema_rash_003.jpg
skin_erythema_rash_004.jpg,train,erythema_rash,C:\Users\SHANMUGA\Desktop\gut\data\skin\train\erythema_rash\skin_erythema_rash_004.jpg
skin_erythema_rash_005.jpg,train,erythema_rash,C:\Users\SHANMUGA\Desktop\gut\data\skin\train\erythema_rash\skin_erythema_rash_005.jpg
skin_erythema_rash_006.jpg,train,erythema_rash,C:\Users\SHANMUGA\Desktop\gut\data\skin\train\erythema_rash\skin_erythema_rash_006.jpg
skin_erythema_rash_007.jpg,train,erythema_rash,C:\Users\SHANMUGA\Desktop\gut\data\skin\train\erythema_rash\skin_erythema_rash_007.jpg
skin_erythema_rash_008.jpg,train,erythema_rash,C:\Users\SHANMUGA\Desktop\gut\data\skin\train\erythema_rash\skin_erythema_rash_008.jpg
skin_erythema_rash_009.jpg,train,erythema_rash,C:\Users\SHANMUGA\Desktop\gut\data\skin\train\erythema_rash\skin_erythema_rash_009.jpg
skin_erythema_rash_010.jpg,train,erythema_rash,C:\Users\SHANMUGA\Desktop\gut\data\skin\train\erythema_rash\skin_erythema_rash_010.jpg
skin_erythema_rash_011.jpg,train,erythema_rash,C:\Users\SHANMUGA\Desktop\gut\data\skin\train\erythema_rash\skin_erythema_rash_011.jpg
skin_erythema_rash_012.jpg,train,erythema_rash,C:\Users\SHANMUGA\Desktop\gut\data\skin\train\erythema_rash\skin_erythema_rash_012.jpg
skin_erythema_rash_013.jpg,train,erythema_rash,C:\Users\SHANMUGA\Desktop\gut\data\skin\train\erythema_rash\skin_erythema_rash_013.jpg
skin_erythema_rash_014.jpg,train,erythema_rash,C:\Users\SHANMUGA\Desktop\gut\data\skin\train\erythema_rash\skin_erythema_rash_014.jpg
skin_erythema_rash_015.jpg,train,erythema_rash,C:\Users\SHANMUGA\Desktop\gut\data\skin\train\erythema_rash\skin_erythema_rash_015.jpg
skin_erythema_rash_016.jpg,train,erythema_rash,C:\Users\SHANMUGA\Desktop\gut\data\skin\train\erythema_rash\skin_erythema_rash_016.jpg
skin_erythema_rash_017.jpg,train,erythema_rash,C:\Users\SHANMUGA\Desktop\gut\data\skin\train\erythema_rash\skin_erythema_rash_017.jpg
skin_erythema_rash_018.jpg,train,erythema_rash,C:\Users\SHANMUGA\Desktop\gut\data\skin\train\erythema_rash\skin_erythema_rash_018.jpg
skin_erythema_rash_019.jpg,train,erythema_rash,C:\Users\SHANMUGA\Desktop\gut\data\skin\train\erythema_rash\skin_erythema_rash_019.jpg
skin_erythema_rash_020.jpg,train,erythema_rash,C:\Users\SHANMUGA\Desktop\gut\data\skin\train\erythema_rash\skin_erythema_rash_020.jpg
skin_erythema_rash_021.jpg,train,erythema_rash,C:\Users\SHANMUGA\Desktop\gut\data\skin\train\erythema_rash\skin_erythema_rash_021.jpg
skin_erythema_rash_022.jpg,train,erythema_rash,C:\Users\SHANMUGA\Desktop\gut\data\skin\train\erythema_rash\skin_erythema_rash_022.jpg
skin_erythema_rash_023.jpg,train,erythema_rash,C:\Users\SHANMUGA\Desktop\gut\data\skin\train\erythema_rash\skin_erythema_rash_023.jpg
skin_erythema_rash_024.jpg,train,erythema_rash,C:\Users\SHANMUGA\Desktop\gut\data\skin\train\erythema_rash\skin_erythema_rash_024.jpg
skin_erythema_rash_025.jpg,train,erythema_rash,C:\Users\SHANMUGA\Desktop\gut\data\skin\train\erythema_rash\skin_erythema_rash_025.jpg
skin_erythema_rash_026.jpg,train,erythema_rash,C:\Users\SHANMUGA\Desktop\gut\data\skin\train\erythema_rash\skin_erythema_rash_026.jpg
skin_erythema_rash_027.jpg,train,erythema_rash,C:\Users\SHANMUGA\Desktop\gut\data\skin\train\erythema_rash\skin_erythema_rash_027.jpg
skin_erythema_rash_028.jpg,train,erythema_rash,C:\Users\SHANMUGA\Desktop\gut\data\skin\train\erythema_rash\skin_erythema_rash_028.jpg
skin_erythema_rash_029.jpg,train,erythema_rash,C:\Users\SHANMUGA\Desktop\gut\data\skin\train\erythema_rash\skin_erythema_rash_029.jpg
skin_erythema_rash_030.jpg,train,erythema_rash,C:\Users\SHANMUGA\Desktop\gut\data\skin\train\erythema_rash\skin_erythema_rash_030.jpg
skin_erythema_rash_031.jpg,train,erythema_rash,C:\Users\SHANMUGA\Desktop\gut\data\skin\train\erythema_rash\skin_erythema_rash_031.jpg
skin_erythema_rash_032.jpg,train,erythema_rash,C:\Users\SHANMUGA\Desktop\gut\data\skin\train\erythema_rash\skin_erythema_rash_032.jpg
skin_erythema_rash_033.jpg,train,erythema_rash,C:\Users\SHANMUGA\Desktop\gut\data\skin\train\erythema_rash\skin_erythema_rash_033.jpg
skin_erythema_rash_034.jpg,train,erythema_rash,C:\Users\SHANMUGA\Desktop\gut\data\skin\train\erythema_rash\skin_erythema_rash_034.jpg
skin_erythema_rash_035.jpg,train,erythema_rash,C:\Users\SHANMUGA\Desktop\gut\data\skin\train\erythema_rash\skin_erythema_rash_035.jpg
skin_erythema_rash_036.jpg,train,erythema_rash,C:\Users\SHANMUGA\Desktop\gut\data\skin\train\erythema_rash\skin_erythema_rash_036.jpg
skin_erythema_rash_037.jpg,train,erythema_rash,C:\Users\SHANMUGA\Desktop\gut\data\skin\train\erythema_rash\skin_erythema_rash_037.jpg
skin_erythema_rash_038.jpg,train,erythema_rash,C:\Users\SHANMUGA\Desktop\gut\data\skin\train\erythema_rash\skin_erythema_rash_038.jpg
skin_erythema_rash_039.jpg,train,erythema_rash,C:\Users\SHANMUGA\Desktop\gut\data\skin\train\erythema_rash\skin_erythema_rash_039.jpg
skin_erythema_rash_040.jpg,train,erythema_rash,C:\Users\SHANMUGA\Desktop\gut\data\skin\train\erythema_rash\skin_erythema_rash_040.jpg
skin_erythema_rash_041.jpg,train,erythema_rash,C:\Users\SHANMUGA\Desktop\gut\data\skin\train\erythema_rash\skin_erythema_rash_041.jpg
skin_erythema_rash_042.jpg,train,erythema_rash,C:\Users\SHANMUGA\Desktop\gut\data\skin\train\erythema_rash\skin_erythema_rash_042.jpg
skin_erythema_rash_043.jpg,train,erythema_rash,C:\Users\SHANMUGA\Desktop\gut\data\skin\train\erythema_rash\skin_erythema_rash_043.jpg
skin_erythema_rash_044.jpg,train,erythema_rash,C:\Users\SHANMUGA\Desktop\gut\data\skin\train\erythema_rash\skin_erythema_rash_044.jpg
skin_erythema_rash_045.jpg,train,erythema_rash,C:\Users\SHANMUGA\Desktop\gut\data\skin\train\erythema_rash\skin_erythema_rash_045.jpg
skin_erythema_rash_046.jpg,train,erythema_rash,C:\Users\SHANMUGA\Desktop\gut\data\skin\train\erythema_rash\skin_erythema_rash_046.jpg
skin_erythema_rash_047.jpg,train,erythema_rash,C:\Users\SHANMUGA\Desktop\gut\data\skin\train\erythema_rash\skin_erythema_rash_047.jpg
skin_erythema_rash_048.jpg,train,erythema_rash,C:\Users\SHANMUGA\Desktop\gut\data\skin\train\erythema_rash\skin_erythema_rash_048.jpg
skin_erythema_rash_049.jpg,train,erythema_rash,C:\Users\SHANMUGA\Desktop\gut\data\skin\train\erythema_rash\skin_erythema_rash_049.jpg
skin_erythema_rash_050.jpg,train,erythema_rash,C:\Users\SHANMUGA\Desktop\gut\data\skin\train\erythema_rash\skin_erythema_rash_050.jpg
skin_erythema_rash_051.jpg,train,erythema_rash,C:\Users\SHANMUGA\Desktop\gut\data\skin\train\erythema_rash\skin_erythema_rash_051.jpg
skin_erythema_rash_052.jpg,train,erythema_rash,C:\Users\SHANMUGA\Desktop\gut\data\skin\train\erythema_rash\skin_erythema_rash_052.jpg
skin_erythema_rash_053.jpg,train,erythema_rash,C:\Users\SHANMUGA\Desktop\gut\data\skin\train\erythema_rash\skin_erythema_rash_053.jpg
skin_erythema_rash_054.jpg,train,erythema_rash,C:\Users\SHANMUGA\Desktop\gut\data\skin\train\erythema_rash\skin_erythema_rash_054.jpg
skin_erythema_rash_055.jpg,train,erythema_rash,C:\Users\SHANMUGA\Desktop\gut\data\skin\train\erythema_rash\skin_erythema_rash_055.jpg
skin_erythema_rash_056.jpg,train,erythema_rash,C:\Users\SHANMUGA\Desktop\gut\data\skin\train\erythema_rash\skin_erythema_rash_056.jpg
skin_erythema_rash_057.jpg,train,erythema_rash,C:\Users\SHANMUGA\Desktop\gut\data\skin\train\erythema_rash\skin_erythema_rash_057.jpg
skin_erythema_rash_058.jpg,train,erythema_rash,C:\Users\SHANMUGA\Desktop\gut\data\skin\train\erythema_rash\skin_erythema_rash_058.jpg
skin_erythema_rash_059.jpg,train,erythema_rash,C:\Users\SHANMUGA\Desktop\gut\data\skin\train\erythema_rash\skin_erythema_rash_059.jpg
skin_erythema_rash_060.jpg,train,erythema_rash,C:\Users\SHANMUGA\Desktop\gut\data\skin\train\erythema_rash\skin_erythema_rash_060.jpg
skin_erythema_rash_061.jpg,train,erythema_rash,C:\Users\SHANMUGA\Desktop\gut\data\skin\train\erythema_rash\skin_erythema_rash_061.jpg
skin_erythema_rash_062.jpg,train,erythema_rash,C:\Users\SHANMUGA\Desktop\gut\data\skin\train\erythema_rash\skin_erythema_rash_062.jpg
skin_erythema_rash_063.jpg,train,erythema_rash,C:\Users\SHANMUGA\Desktop\gut\data\skin\train\erythema_rash\skin_erythema_rash_063.jpg
skin_erythema_rash_064.jpg,train,erythema_rash,C:\Users\SHANMUGA\Desktop\gut\data\skin\train\erythema_rash\skin_erythema_rash_064.jpg
skin_erythema_rash_065.jpg,train,erythema_rash,C:\Users\SHANMUGA\Desktop\gut\data\skin\train\erythema_rash\skin_erythema_rash_065.jpg
skin_erythema_rash_066.jpg,train,erythema_rash,C:\Users\SHANMUGA\Desktop\gut\data\skin\train\erythema_rash\skin_erythema_rash_066.jpg
skin_erythema_rash_067.jpg,train,erythema_rash,C:\Users\SHANMUGA\Desktop\gut\data\skin\train\erythema_rash\skin_erythema_rash_067.jpg
skin_erythema_rash_068.jpg,train,erythema_rash,C:\Users\SHANMUGA\Desktop\gut\data\skin\train\erythema_rash\skin_erythema_rash_068.jpg
skin_erythema_rash_069.jpg,train,erythema_rash,C:\Users\SHANMUGA\Desktop\gut\data\skin\train\erythema_rash\skin_erythema_rash_069.jpg
skin_erythema_rash_070.jpg,train,erythema_rash,C:\Users\SHANMUGA\Desktop\gut\data\skin\train\erythema_rash\skin_erythema_rash_070.jpg
skin_erythema_rash_071.jpg,train,erythema_rash,C:\Users\SHANMUGA\Desktop\gut\data\skin\train\erythema_rash\skin_erythema_rash_071.jpg
skin_erythema_rash_072.jpg,train,erythema_rash,C:\Users\SHANMUGA\Desktop\gut\data\skin\train\erythema_rash\skin_erythema_rash_072.jpg
skin_erythema_rash_073.jpg,train,erythema_rash,C:\Users\SHANMUGA\Desktop\gut\data\skin\train\erythema_rash\skin_erythema_rash_073.jpg
skin_erythema_rash_074.jpg,train,erythema_rash,C:\Users\SHANMUGA\Desktop\gut\data\skin\train\erythema_rash\skin_erythema_rash_074.jpg
skin_erythema_rash_075.jpg,train,erythema_rash,C:\Users\SHANMUGA\Desktop\gut\data\skin\train\erythema_rash\skin_erythema_rash_075.jpg
skin_erythema_rash_076.jpg,train,erythema_rash,C:\Users\SHANMUGA\Desktop\gut\data\skin\train\erythema_rash\skin_erythema_rash_076.jpg
skin_erythema_rash_077.jpg,train,erythema_rash,C:\Users\SHANMUGA\Desktop\gut\data\skin\train\erythema_rash\skin_erythema_rash_077.jpg
skin_erythema_rash_078.jpg,train,erythema_rash,C:\Users\SHANMUGA\Desktop\gut\data\skin\train\erythema_rash\skin_erythema_rash_078.jpg
skin_erythema_rash_079.jpg,train,erythema_rash,C:\Users\SHANMUGA\Desktop\gut\data\skin\train\erythema_rash\skin_erythema_rash_079.jpg
skin_erythema_rash_080.jpg,val,erythema_rash,C:\Users\SHANMUGA\Desktop\gut\data\skin\val\erythema_rash\skin_erythema_rash_080.jpg
skin_erythema_rash_081.jpg,val,erythema_rash,C:\Users\SHANMUGA\Desktop\gut\data\skin\val\erythema_rash\skin_erythema_rash_081.jpg
skin_erythema_rash_082.jpg,val,erythema_rash,C:\Users\SHANMUGA\Desktop\gut\data\skin\val\erythema_rash\skin_erythema_rash_082.jpg
skin_erythema_rash_083.jpg,val,erythema_rash,C:\Users\SHANMUGA\Desktop\gut\data\skin\val\erythema_rash\skin_erythema_rash_083.jpg
skin_erythema_rash_084.jpg,val,erythema_rash,C:\Users\SHANMUGA\Desktop\gut\data\skin\val\erythema_rash\skin_erythema_rash_084.jpg
skin_erythema_rash_085.jpg,val,erythema_rash,C:\Users\SHANMUGA\Desktop\gut\data\skin\val\erythema_rash\skin_erythema_rash_085.jpg
skin_erythema_rash_086.jpg,val,erythema_rash,C:\Users\SHANMUGA\Desktop\gut\data\skin\val\erythema_rash\skin_erythema_rash_086.jpg
skin_erythema_rash_087.jpg,val,erythema_rash,C:\Users\SHANMUGA\Desktop\gut\data\skin\val\erythema_rash\skin_erythema_rash_087.jpg
skin_erythema_rash_088.jpg,val,erythema_rash,C:\Users\SHANMUGA\Desktop\gut\data\skin\val\erythema_rash\skin_erythema_rash_088.jpg
skin_erythema_rash_089.jpg,val,erythema_rash,C:\Users\SHANMUGA\Desktop\gut\data\skin\val\erythema_rash\skin_erythema_rash_089.jpg
skin_erythema_rash_090.jpg,val,erythema_rash,C:\Users\SHANMUGA\Desktop\gut\data\skin\val\erythema_rash\skin_erythema_rash_090.jpg
skin_erythema_rash_091.jpg,val,erythema_rash,C:\Users\SHANMUGA\Desktop\gut\data\skin\val\erythema_rash\skin_erythema_rash_091.jpg
skin_erythema_rash_092.jpg,val,erythema_rash,C:\Users\SHANMUGA\Desktop\gut\data\skin\val\erythema_rash\skin_erythema_rash_092.jpg
skin_erythema_rash_093.jpg,val,erythema_rash,C:\Users\SHANMUGA\Desktop\gut\data\skin\val\erythema_rash\skin_erythema_rash_093.jpg
skin_erythema_rash_094.jpg,val,erythema_rash,C:\Users\SHANMUGA\Desktop\gut\data\skin\val\erythema_rash\skin_erythema_rash_094.jpg
skin_erythema_rash_095.jpg,val,erythema_rash,C:\Users\SHANMUGA\Desktop\gut\data\skin\val\erythema_rash\skin_erythema_rash_095.jpg
skin_erythema_rash_096.jpg,val,erythema_rash,C:\Users\SHANMUGA\Desktop\gut\data\skin\val\erythema_rash\skin_erythema_rash_096.jpg
skin_erythema_rash_097.jpg,val,erythema_rash,C:\Users\SHANMUGA\Desktop\gut\data\skin\val\erythema_rash\skin_erythema_rash_097.jpg
skin_erythema_rash_098.jpg,val,erythema_rash,C:\Users\SHANMUGA\Desktop\gut\data\skin\val\erythema_rash\skin_erythema_rash_098.jpg
skin_erythema_rash_099.jpg,val,erythema_rash,C:\Users\SHANMUGA\Desktop\gut\data\skin\val\erythema_rash\skin_erythema_rash_099.jpg
skin_erythema_rash_100.jpg,test,erythema_rash,C:\Users\SHANMUGA\Desktop\gut\data\skin\test\erythema_rash\skin_erythema_rash_100.jpg
skin_erythema_rash_101.jpg,test,erythema_rash,C:\Users\SHANMUGA\Desktop\gut\data\skin\test\erythema_rash\skin_erythema_rash_101.jpg
skin_erythema_rash_102.jpg,test,erythema_rash,C:\Users\SHANMUGA\Desktop\gut\data\skin\test\erythema_rash\skin_erythema_rash_102.jpg
skin_erythema_rash_103.jpg,test,erythema_rash,C:\Users\SHANMUGA\Desktop\gut\data\skin\test\erythema_rash\skin_erythema_rash_103.jpg
skin_erythema_rash_104.jpg,test,erythema_rash,C:\Users\SHANMUGA\Desktop\gut\data\skin\test\erythema_rash\skin_erythema_rash_104.jpg
skin_erythema_rash_105.jpg,test,erythema_rash,C:\Users\SHANMUGA\Desktop\gut\data\skin\test\erythema_rash\skin_erythema_rash_105.jpg
skin_erythema_rash_106.jpg,test,erythema_rash,C:\Users\SHANMUGA\Desktop\gut\data\skin\test\erythema_rash\skin_erythema_rash_106.jpg
skin_erythema_rash_107.jpg,test,erythema_rash,C:\Users\SHANMUGA\Desktop\gut\data\skin\test\erythema_rash\skin_erythema_rash_107.jpg
skin_erythema_rash_108.jpg,test,erythema_rash,C:\Users\SHANMUGA\Desktop\gut\data\skin\test\erythema_rash\skin_erythema_rash_108.jpg
skin_erythema_rash_109.jpg,test,erythema_rash,C:\Users\SHANMUGA\Desktop\gut\data\skin\test\erythema_rash\skin_erythema_rash_109.jpg
skin_erythema_rash_110.jpg,test,erythema_rash,C:\Users\SHANMUGA\Desktop\gut\data\skin\test\erythema_rash\skin_erythema_rash_110.jpg
skin_erythema_rash_111.jpg,test,erythema_rash,C:\Users\SHANMUGA\Desktop\gut\data\skin\test\erythema_rash\skin_erythema_rash_111.jpg
skin_erythema_rash_112.jpg,test,erythema_rash,C:\Users\SHANMUGA\Desktop\gut\data\skin\test\erythema_rash\skin_erythema_rash_112.jpg
skin_erythema_rash_113.jpg,test,erythema_rash,C:\Users\SHANMUGA\Desktop\gut\data\skin\test\erythema_rash\skin_erythema_rash_113.jpg
skin_erythema_rash_114.jpg,test,erythema_rash,C:\Users\SHANMUGA\Desktop\gut\data\skin\test\erythema_rash\skin_erythema_rash_114.jpg
skin_erythema_rash_115.jpg,test,erythema_rash,C:\Users\SHANMUGA\Desktop\gut\data\skin\test\erythema_rash\skin_erythema_rash_115.jpg
skin_erythema_rash_116.jpg,test,erythema_rash,C:\Users\SHANMUGA\Desktop\gut\data\skin\test\erythema_rash\skin_erythema_rash_116.jpg
skin_erythema_rash_117.jpg,test,erythema_rash,C:\Users\SHANMUGA\Desktop\gut\data\skin\test\erythema_rash\skin_erythema_rash_117.jpg
skin_erythema_rash_118.jpg,test,erythema_rash,C:\Users\SHANMUGA\Desktop\gut\data\skin\test\erythema_rash\skin_erythema_rash_118.jpg
skin_erythema_rash_119.jpg,test,erythema_rash,C:\Users\SHANMUGA\Desktop\gut\data\skin\test\erythema_rash\skin_erythema_rash_119.jpg
skin_keratosis_000.jpg,train,keratosis,C:\Users\SHANMUGA\Desktop\gut\data\skin\train\keratosis\skin_keratosis_000.jpg
skin_keratosis_001.jpg,train,keratosis,C:\Users\SHANMUGA\Desktop\gut\data\skin\train\keratosis\skin_keratosis_001.jpg
skin_keratosis_002.jpg,train,keratosis,C:\Users\SHANMUGA\Desktop\gut\data\skin\train\keratosis\skin_keratosis_002.jpg
skin_keratosis_003.jpg,train,keratosis,C:\Users\SHANMUGA\Desktop\gut\data\skin\train\keratosis\skin_keratosis_003.jpg
skin_keratosis_004.jpg,train,keratosis,C:\Users\SHANMUGA\Desktop\gut\data\skin\train\keratosis\skin_keratosis_004.jpg
skin_keratosis_005.jpg,train,keratosis,C:\Users\SHANMUGA\Desktop\gut\data\skin\train\keratosis\skin_keratosis_005.jpg
skin_keratosis_006.jpg,train,keratosis,C:\Users\SHANMUGA\Desktop\gut\data\skin\train\keratosis\skin_keratosis_006.jpg
skin_keratosis_007.jpg,train,keratosis,C:\Users\SHANMUGA\Desktop\gut\data\skin\train\keratosis\skin_keratosis_007.jpg
skin_keratosis_008.jpg,train,keratosis,C:\Users\SHANMUGA\Desktop\gut\data\skin\train\keratosis\skin_keratosis_008.jpg
skin_keratosis_009.jpg,train,keratosis,C:\Users\SHANMUGA\Desktop\gut\data\skin\train\keratosis\skin_keratosis_009.jpg
skin_keratosis_010.jpg,train,keratosis,C:\Users\SHANMUGA\Desktop\gut\data\skin\train\keratosis\skin_keratosis_010.jpg
skin_keratosis_011.jpg,train,keratosis,C:\Users\SHANMUGA\Desktop\gut\data\skin\train\keratosis\skin_keratosis_011.jpg
skin_keratosis_012.jpg,train,keratosis,C:\Users\SHANMUGA\Desktop\gut\data\skin\train\keratosis\skin_keratosis_012.jpg
skin_keratosis_013.jpg,train,keratosis,C:\Users\SHANMUGA\Desktop\gut\data\skin\train\keratosis\skin_keratosis_013.jpg
skin_keratosis_014.jpg,train,keratosis,C:\Users\SHANMUGA\Desktop\gut\data\skin\train\keratosis\skin_keratosis_014.jpg
skin_keratosis_015.jpg,train,keratosis,C:\Users\SHANMUGA\Desktop\gut\data\skin\train\keratosis\skin_keratosis_015.jpg
skin_keratosis_016.jpg,train,keratosis,C:\Users\SHANMUGA\Desktop\gut\data\skin\train\keratosis\skin_keratosis_016.jpg
skin_keratosis_017.jpg,train,keratosis,C:\Users\SHANMUGA\Desktop\gut\data\skin\train\keratosis\skin_keratosis_017.jpg
skin_keratosis_018.jpg,train,keratosis,C:\Users\SHANMUGA\Desktop\gut\data\skin\train\keratosis\skin_keratosis_018.jpg
skin_keratosis_019.jpg,train,keratosis,C:\Users\SHANMUGA\Desktop\gut\data\skin\train\keratosis\skin_keratosis_019.jpg
skin_keratosis_020.jpg,train,keratosis,C:\Users\SHANMUGA\Desktop\gut\data\skin\train\keratosis\skin_keratosis_020.jpg
skin_keratosis_021.jpg,train,keratosis,C:\Users\SHANMUGA\Desktop\gut\data\skin\train\keratosis\skin_keratosis_021.jpg
skin_keratosis_022.jpg,train,keratosis,C:\Users\SHANMUGA\Desktop\gut\data\skin\train\keratosis\skin_keratosis_022.jpg
skin_keratosis_023.jpg,train,keratosis,C:\Users\SHANMUGA\Desktop\gut\data\skin\train\keratosis\skin_keratosis_023.jpg
skin_keratosis_024.jpg,train,keratosis,C:\Users\SHANMUGA\Desktop\gut\data\skin\train\keratosis\skin_keratosis_024.jpg
skin_keratosis_025.jpg,train,keratosis,C:\Users\SHANMUGA\Desktop\gut\data\skin\train\keratosis\skin_keratosis_025.jpg
skin_keratosis_026.jpg,train,keratosis,C:\Users\SHANMUGA\Desktop\gut\data\skin\train\keratosis\skin_keratosis_026.jpg
skin_keratosis_027.jpg,train,keratosis,C:\Users\SHANMUGA\Desktop\gut\data\skin\train\keratosis\skin_keratosis_027.jpg
skin_keratosis_028.jpg,train,keratosis,C:\Users\SHANMUGA\Desktop\gut\data\skin\train\keratosis\skin_keratosis_028.jpg
skin_keratosis_029.jpg,train,keratosis,C:\Users\SHANMUGA\Desktop\gut\data\skin\train\keratosis\skin_keratosis_029.jpg
skin_keratosis_030.jpg,train,keratosis,C:\Users\SHANMUGA\Desktop\gut\data\skin\train\keratosis\skin_keratosis_030.jpg
skin_keratosis_031.jpg,train,keratosis,C:\Users\SHANMUGA\Desktop\gut\data\skin\train\keratosis\skin_keratosis_031.jpg
skin_keratosis_032.jpg,train,keratosis,C:\Users\SHANMUGA\Desktop\gut\data\skin\train\keratosis\skin_keratosis_032.jpg
skin_keratosis_033.jpg,train,keratosis,C:\Users\SHANMUGA\Desktop\gut\data\skin\train\keratosis\skin_keratosis_033.jpg
skin_keratosis_034.jpg,train,keratosis,C:\Users\SHANMUGA\Desktop\gut\data\skin\train\keratosis\skin_keratosis_034.jpg
skin_keratosis_035.jpg,train,keratosis,C:\Users\SHANMUGA\Desktop\gut\data\skin\train\keratosis\skin_keratosis_035.jpg
skin_keratosis_036.jpg,train,keratosis,C:\Users\SHANMUGA\Desktop\gut\data\skin\train\keratosis\skin_keratosis_036.jpg
skin_keratosis_037.jpg,train,keratosis,C:\Users\SHANMUGA\Desktop\gut\data\skin\train\keratosis\skin_keratosis_037.jpg
skin_keratosis_038.jpg,train,keratosis,C:\Users\SHANMUGA\Desktop\gut\data\skin\train\keratosis\skin_keratosis_038.jpg
skin_keratosis_039.jpg,train,keratosis,C:\Users\SHANMUGA\Desktop\gut\data\skin\train\keratosis\skin_keratosis_039.jpg
skin_keratosis_040.jpg,train,keratosis,C:\Users\SHANMUGA\Desktop\gut\data\skin\train\keratosis\skin_keratosis_040.jpg
skin_keratosis_041.jpg,train,keratosis,C:\Users\SHANMUGA\Desktop\gut\data\skin\train\keratosis\skin_keratosis_041.jpg
skin_keratosis_042.jpg,train,keratosis,C:\Users\SHANMUGA\Desktop\gut\data\skin\train\keratosis\skin_keratosis_042.jpg
skin_keratosis_043.jpg,train,keratosis,C:\Users\SHANMUGA\Desktop\gut\data\skin\train\keratosis\skin_keratosis_043.jpg
skin_keratosis_044.jpg,train,keratosis,C:\Users\SHANMUGA\Desktop\gut\data\skin\train\keratosis\skin_keratosis_044.jpg
skin_keratosis_045.jpg,train,keratosis,C:\Users\SHANMUGA\Desktop\gut\data\skin\train\keratosis\skin_keratosis_045.jpg
skin_keratosis_046.jpg,train,keratosis,C:\Users\SHANMUGA\Desktop\gut\data\skin\train\keratosis\skin_keratosis_046.jpg
skin_keratosis_047.jpg,train,keratosis,C:\Users\SHANMUGA\Desktop\gut\data\skin\train\keratosis\skin_keratosis_047.jpg
skin_keratosis_048.jpg,train,keratosis,C:\Users\SHANMUGA\Desktop\gut\data\skin\train\keratosis\skin_keratosis_048.jpg
skin_keratosis_049.jpg,train,keratosis,C:\Users\SHANMUGA\Desktop\gut\data\skin\train\keratosis\skin_keratosis_049.jpg
skin_keratosis_050.jpg,train,keratosis,C:\Users\SHANMUGA\Desktop\gut\data\skin\train\keratosis\skin_keratosis_050.jpg
skin_keratosis_051.jpg,train,keratosis,C:\Users\SHANMUGA\Desktop\gut\data\skin\train\keratosis\skin_keratosis_051.jpg
skin_keratosis_052.jpg,train,keratosis,C:\Users\SHANMUGA\Desktop\gut\data\skin\train\keratosis\skin_keratosis_052.jpg
skin_keratosis_053.jpg,train,keratosis,C:\Users\SHANMUGA\Desktop\gut\data\skin\train\keratosis\skin_keratosis_053.jpg
skin_keratosis_054.jpg,train,keratosis,C:\Users\SHANMUGA\Desktop\gut\data\skin\train\keratosis\skin_keratosis_054.jpg
skin_keratosis_055.jpg,train,keratosis,C:\Users\SHANMUGA\Desktop\gut\data\skin\train\keratosis\skin_keratosis_055.jpg
skin_keratosis_056.jpg,train,keratosis,C:\Users\SHANMUGA\Desktop\gut\data\skin\train\keratosis\skin_keratosis_056.jpg
skin_keratosis_057.jpg,train,keratosis,C:\Users\SHANMUGA\Desktop\gut\data\skin\train\keratosis\skin_keratosis_057.jpg
skin_keratosis_058.jpg,train,keratosis,C:\Users\SHANMUGA\Desktop\gut\data\skin\train\keratosis\skin_keratosis_058.jpg
skin_keratosis_059.jpg,train,keratosis,C:\Users\SHANMUGA\Desktop\gut\data\skin\train\keratosis\skin_keratosis_059.jpg
skin_keratosis_060.jpg,train,keratosis,C:\Users\SHANMUGA\Desktop\gut\data\skin\train\keratosis\skin_keratosis_060.jpg
skin_keratosis_061.jpg,train,keratosis,C:\Users\SHANMUGA\Desktop\gut\data\skin\train\keratosis\skin_keratosis_061.jpg
skin_keratosis_062.jpg,train,keratosis,C:\Users\SHANMUGA\Desktop\gut\data\skin\train\keratosis\skin_keratosis_062.jpg
skin_keratosis_063.jpg,train,keratosis,C:\Users\SHANMUGA\Desktop\gut\data\skin\train\keratosis\skin_keratosis_063.jpg
skin_keratosis_064.jpg,train,keratosis,C:\Users\SHANMUGA\Desktop\gut\data\skin\train\keratosis\skin_keratosis_064.jpg
skin_keratosis_065.jpg,train,keratosis,C:\Users\SHANMUGA\Desktop\gut\data\skin\train\keratosis\skin_keratosis_065.jpg
skin_keratosis_066.jpg,train,keratosis,C:\Users\SHANMUGA\Desktop\gut\data\skin\train\keratosis\skin_keratosis_066.jpg
skin_keratosis_067.jpg,train,keratosis,C:\Users\SHANMUGA\Desktop\gut\data\skin\train\keratosis\skin_keratosis_067.jpg
skin_keratosis_068.jpg,train,keratosis,C:\Users\SHANMUGA\Desktop\gut\data\skin\train\keratosis\skin_keratosis_068.jpg
skin_keratosis_069.jpg,train,keratosis,C:\Users\SHANMUGA\Desktop\gut\data\skin\train\keratosis\skin_keratosis_069.jpg
skin_keratosis_070.jpg,train,keratosis,C:\Users\SHANMUGA\Desktop\gut\data\skin\train\keratosis\skin_keratosis_070.jpg
skin_keratosis_071.jpg,train,keratosis,C:\Users\SHANMUGA\Desktop\gut\data\skin\train\keratosis\skin_keratosis_071.jpg
skin_keratosis_072.jpg,train,keratosis,C:\Users\SHANMUGA\Desktop\gut\data\skin\train\keratosis\skin_keratosis_072.jpg
skin_keratosis_073.jpg,train,keratosis,C:\Users\SHANMUGA\Desktop\gut\data\skin\train\keratosis\skin_keratosis_073.jpg
skin_keratosis_074.jpg,train,keratosis,C:\Users\SHANMUGA\Desktop\gut\data\skin\train\keratosis\skin_keratosis_074.jpg
skin_keratosis_075.jpg,train,keratosis,C:\Users\SHANMUGA\Desktop\gut\data\skin\train\keratosis\skin_keratosis_075.jpg
skin_keratosis_076.jpg,train,keratosis,C:\Users\SHANMUGA\Desktop\gut\data\skin\train\keratosis\skin_keratosis_076.jpg
skin_keratosis_077.jpg,train,keratosis,C:\Users\SHANMUGA\Desktop\gut\data\skin\train\keratosis\skin_keratosis_077.jpg
skin_keratosis_078.jpg,train,keratosis,C:\Users\SHANMUGA\Desktop\gut\data\skin\train\keratosis\skin_keratosis_078.jpg
skin_keratosis_079.jpg,train,keratosis,C:\Users\SHANMUGA\Desktop\gut\data\skin\train\keratosis\skin_keratosis_079.jpg
skin_keratosis_080.jpg,val,keratosis,C:\Users\SHANMUGA\Desktop\gut\data\skin\val\keratosis\skin_keratosis_080.jpg
skin_keratosis_081.jpg,val,keratosis,C:\Users\SHANMUGA\Desktop\gut\data\skin\val\keratosis\skin_keratosis_081.jpg
skin_keratosis_082.jpg,val,keratosis,C:\Users\SHANMUGA\Desktop\gut\data\skin\val\keratosis\skin_keratosis_082.jpg
skin_keratosis_083.jpg,val,keratosis,C:\Users\SHANMUGA\Desktop\gut\data\skin\val\keratosis\skin_keratosis_083.jpg
skin_keratosis_084.jpg,val,keratosis,C:\Users\SHANMUGA\Desktop\gut\data\skin\val\keratosis\skin_keratosis_084.jpg
skin_keratosis_085.jpg,val,keratosis,C:\Users\SHANMUGA\Desktop\gut\data\skin\val\keratosis\skin_keratosis_085.jpg
skin_keratosis_086.jpg,val,keratosis,C:\Users\SHANMUGA\Desktop\gut\data\skin\val\keratosis\skin_keratosis_086.jpg
skin_keratosis_087.jpg,val,keratosis,C:\Users\SHANMUGA\Desktop\gut\data\skin\val\keratosis\skin_keratosis_087.jpg
skin_keratosis_088.jpg,val,keratosis,C:\Users\SHANMUGA\Desktop\gut\data\skin\val\keratosis\skin_keratosis_088.jpg
skin_keratosis_089.jpg,val,keratosis,C:\Users\SHANMUGA\Desktop\gut\data\skin\val\keratosis\skin_keratosis_089.jpg
skin_keratosis_090.jpg,val,keratosis,C:\Users\SHANMUGA\Desktop\gut\data\skin\val\keratosis\skin_keratosis_090.jpg
skin_keratosis_091.jpg,val,keratosis,C:\Users\SHANMUGA\Desktop\gut\data\skin\val\keratosis\skin_keratosis_091.jpg
skin_keratosis_092.jpg,val,keratosis,C:\Users\SHANMUGA\Desktop\gut\data\skin\val\keratosis\skin_keratosis_092.jpg
skin_keratosis_093.jpg,val,keratosis,C:\Users\SHANMUGA\Desktop\gut\data\skin\val\keratosis\skin_keratosis_093.jpg
skin_keratosis_094.jpg,val,keratosis,C:\Users\SHANMUGA\Desktop\gut\data\skin\val\keratosis\skin_keratosis_094.jpg
skin_keratosis_095.jpg,val,keratosis,C:\Users\SHANMUGA\Desktop\gut\data\skin\val\keratosis\skin_keratosis_095.jpg
skin_keratosis_096.jpg,val,keratosis,C:\Users\SHANMUGA\Desktop\gut\data\skin\val\keratosis\skin_keratosis_096.jpg
skin_keratosis_097.jpg,val,keratosis,C:\Users\SHANMUGA\Desktop\gut\data\skin\val\keratosis\skin_keratosis_097.jpg
skin_keratosis_098.jpg,val,keratosis,C:\Users\SHANMUGA\Desktop\gut\data\skin\val\keratosis\skin_keratosis_098.jpg
skin_keratosis_099.jpg,val,keratosis,C:\Users\SHANMUGA\Desktop\gut\data\skin\val\keratosis\skin_keratosis_099.jpg
skin_keratosis_100.jpg,test,keratosis,C:\Users\SHANMUGA\Desktop\gut\data\skin\test\keratosis\skin_keratosis_100.jpg
skin_keratosis_101.jpg,test,keratosis,C:\Users\SHANMUGA\Desktop\gut\data\skin\test\keratosis\skin_keratosis_101.jpg
skin_keratosis_102.jpg,test,keratosis,C:\Users\SHANMUGA\Desktop\gut\data\skin\test\keratosis\skin_keratosis_102.jpg
skin_keratosis_103.jpg,test,keratosis,C:\Users\SHANMUGA\Desktop\gut\data\skin\test\keratosis\skin_keratosis_103.jpg
skin_keratosis_104.jpg,test,keratosis,C:\Users\SHANMUGA\Desktop\gut\data\skin\test\keratosis\skin_keratosis_104.jpg
skin_keratosis_105.jpg,test,keratosis,C:\Users\SHANMUGA\Desktop\gut\data\skin\test\keratosis\skin_keratosis_105.jpg
skin_keratosis_106.jpg,test,keratosis,C:\Users\SHANMUGA\Desktop\gut\data\skin\test\keratosis\skin_keratosis_106.jpg
skin_keratosis_107.jpg,test,keratosis,C:\Users\SHANMUGA\Desktop\gut\data\skin\test\keratosis\skin_keratosis_107.jpg
skin_keratosis_108.jpg,test,keratosis,C:\Users\SHANMUGA\Desktop\gut\data\skin\test\keratosis\skin_keratosis_108.jpg
skin_keratosis_109.jpg,test,keratosis,C:\Users\SHANMUGA\Desktop\gut\data\skin\test\keratosis\skin_keratosis_109.jpg
skin_keratosis_110.jpg,test,keratosis,C:\Users\SHANMUGA\Desktop\gut\data\skin\test\keratosis\skin_keratosis_110.jpg
skin_keratosis_111.jpg,test,keratosis,C:\Users\SHANMUGA\Desktop\gut\data\skin\test\keratosis\skin_keratosis_111.jpg
skin_keratosis_112.jpg,test,keratosis,C:\Users\SHANMUGA\Desktop\gut\data\skin\test\keratosis\skin_keratosis_112.jpg
skin_keratosis_113.jpg,test,keratosis,C:\Users\SHANMUGA\Desktop\gut\data\skin\test\keratosis\skin_keratosis_113.jpg
skin_keratosis_114.jpg,test,keratosis,C:\Users\SHANMUGA\Desktop\gut\data\skin\test\keratosis\skin_keratosis_114.jpg
skin_keratosis_115.jpg,test,keratosis,C:\Users\SHANMUGA\Desktop\gut\data\skin\test\keratosis\skin_keratosis_115.jpg
skin_keratosis_116.jpg,test,keratosis,C:\Users\SHANMUGA\Desktop\gut\data\skin\test\keratosis\skin_keratosis_116.jpg
skin_keratosis_117.jpg,test,keratosis,C:\Users\SHANMUGA\Desktop\gut\data\skin\test\keratosis\skin_keratosis_117.jpg
skin_keratosis_118.jpg,test,keratosis,C:\Users\SHANMUGA\Desktop\gut\data\skin\test\keratosis\skin_keratosis_118.jpg
skin_keratosis_119.jpg,test,keratosis,C:\Users\SHANMUGA\Desktop\gut\data\skin\test\keratosis\skin_keratosis_119.jpg
skin_vascular_000.jpg,train,vascular,C:\Users\SHANMUGA\Desktop\gut\data\skin\train\vascular\skin_vascular_000.jpg
skin_vascular_001.jpg,train,vascular,C:\Users\SHANMUGA\Desktop\gut\data\skin\train\vascular\skin_vascular_001.jpg
skin_vascular_002.jpg,train,vascular,C:\Users\SHANMUGA\Desktop\gut\data\skin\train\vascular\skin_vascular_002.jpg
skin_vascular_003.jpg,train,vascular,C:\Users\SHANMUGA\Desktop\gut\data\skin\train\vascular\skin_vascular_003.jpg
skin_vascular_004.jpg,train,vascular,C:\Users\SHANMUGA\Desktop\gut\data\skin\train\vascular\skin_vascular_004.jpg
skin_vascular_005.jpg,train,vascular,C:\Users\SHANMUGA\Desktop\gut\data\skin\train\vascular\skin_vascular_005.jpg
skin_vascular_006.jpg,train,vascular,C:\Users\SHANMUGA\Desktop\gut\data\skin\train\vascular\skin_vascular_006.jpg
skin_vascular_007.jpg,train,vascular,C:\Users\SHANMUGA\Desktop\gut\data\skin\train\vascular\skin_vascular_007.jpg
skin_vascular_008.jpg,train,vascular,C:\Users\SHANMUGA\Desktop\gut\data\skin\train\vascular\skin_vascular_008.jpg
skin_vascular_009.jpg,train,vascular,C:\Users\SHANMUGA\Desktop\gut\data\skin\train\vascular\skin_vascular_009.jpg
skin_vascular_010.jpg,train,vascular,C:\Users\SHANMUGA\Desktop\gut\data\skin\train\vascular\skin_vascular_010.jpg
skin_vascular_011.jpg,train,vascular,C:\Users\SHANMUGA\Desktop\gut\data\skin\train\vascular\skin_vascular_011.jpg
skin_vascular_012.jpg,train,vascular,C:\Users\SHANMUGA\Desktop\gut\data\skin\train\vascular\skin_vascular_012.jpg
skin_vascular_013.jpg,train,vascular,C:\Users\SHANMUGA\Desktop\gut\data\skin\train\vascular\skin_vascular_013.jpg
skin_vascular_014.jpg,train,vascular,C:\Users\SHANMUGA\Desktop\gut\data\skin\train\vascular\skin_vascular_014.jpg
skin_vascular_015.jpg,train,vascular,C:\Users\SHANMUGA\Desktop\gut\data\skin\train\vascular\skin_vascular_015.jpg
skin_vascular_016.jpg,train,vascular,C:\Users\SHANMUGA\Desktop\gut\data\skin\train\vascular\skin_vascular_016.jpg
skin_vascular_017.jpg,train,vascular,C:\Users\SHANMUGA\Desktop\gut\data\skin\train\vascular\skin_vascular_017.jpg
skin_vascular_018.jpg,train,vascular,C:\Users\SHANMUGA\Desktop\gut\data\skin\train\vascular\skin_vascular_018.jpg
skin_vascular_019.jpg,train,vascular,C:\Users\SHANMUGA\Desktop\gut\data\skin\train\vascular\skin_vascular_019.jpg
skin_vascular_020.jpg,train,vascular,C:\Users\SHANMUGA\Desktop\gut\data\skin\train\vascular\skin_vascular_020.jpg
skin_vascular_021.jpg,train,vascular,C:\Users\SHANMUGA\Desktop\gut\data\skin\train\vascular\skin_vascular_021.jpg
skin_vascular_022.jpg,train,vascular,C:\Users\SHANMUGA\Desktop\gut\data\skin\train\vascular\skin_vascular_022.jpg
skin_vascular_023.jpg,train,vascular,C:\Users\SHANMUGA\Desktop\gut\data\skin\train\vascular\skin_vascular_023.jpg
skin_vascular_024.jpg,train,vascular,C:\Users\SHANMUGA\Desktop\gut\data\skin\train\vascular\skin_vascular_024.jpg
skin_vascular_025.jpg,train,vascular,C:\Users\SHANMUGA\Desktop\gut\data\skin\train\vascular\skin_vascular_025.jpg
skin_vascular_026.jpg,train,vascular,C:\Users\SHANMUGA\Desktop\gut\data\skin\train\vascular\skin_vascular_026.jpg
skin_vascular_027.jpg,train,vascular,C:\Users\SHANMUGA\Desktop\gut\data\skin\train\vascular\skin_vascular_027.jpg
skin_vascular_028.jpg,train,vascular,C:\Users\SHANMUGA\Desktop\gut\data\skin\train\vascular\skin_vascular_028.jpg
skin_vascular_029.jpg,train,vascular,C:\Users\SHANMUGA\Desktop\gut\data\skin\train\vascular\skin_vascular_029.jpg
skin_vascular_030.jpg,train,vascular,C:\Users\SHANMUGA\Desktop\gut\data\skin\train\vascular\skin_vascular_030.jpg
skin_vascular_031.jpg,train,vascular,C:\Users\SHANMUGA\Desktop\gut\data\skin\train\vascular\skin_vascular_031.jpg
skin_vascular_032.jpg,train,vascular,C:\Users\SHANMUGA\Desktop\gut\data\skin\train\vascular\skin_vascular_032.jpg
skin_vascular_033.jpg,train,vascular,C:\Users\SHANMUGA\Desktop\gut\data\skin\train\vascular\skin_vascular_033.jpg
skin_vascular_034.jpg,train,vascular,C:\Users\SHANMUGA\Desktop\gut\data\skin\train\vascular\skin_vascular_034.jpg
skin_vascular_035.jpg,train,vascular,C:\Users\SHANMUGA\Desktop\gut\data\skin\train\vascular\skin_vascular_035.jpg
skin_vascular_036.jpg,train,vascular,C:\Users\SHANMUGA\Desktop\gut\data\skin\train\vascular\skin_vascular_036.jpg
skin_vascular_037.jpg,train,vascular,C:\Users\SHANMUGA\Desktop\gut\data\skin\train\vascular\skin_vascular_037.jpg
skin_vascular_038.jpg,train,vascular,C:\Users\SHANMUGA\Desktop\gut\data\skin\train\vascular\skin_vascular_038.jpg
skin_vascular_039.jpg,train,vascular,C:\Users\SHANMUGA\Desktop\gut\data\skin\train\vascular\skin_vascular_039.jpg
skin_vascular_040.jpg,train,vascular,C:\Users\SHANMUGA\Desktop\gut\data\skin\train\vascular\skin_vascular_040.jpg
skin_vascular_041.jpg,train,vascular,C:\Users\SHANMUGA\Desktop\gut\data\skin\train\vascular\skin_vascular_041.jpg
skin_vascular_042.jpg,train,vascular,C:\Users\SHANMUGA\Desktop\gut\data\skin\train\vascular\skin_vascular_042.jpg
skin_vascular_043.jpg,train,vascular,C:\Users\SHANMUGA\Desktop\gut\data\skin\train\vascular\skin_vascular_043.jpg
skin_vascular_044.jpg,train,vascular,C:\Users\SHANMUGA\Desktop\gut\data\skin\train\vascular\skin_vascular_044.jpg
skin_vascular_045.jpg,train,vascular,C:\Users\SHANMUGA\Desktop\gut\data\skin\train\vascular\skin_vascular_045.jpg
skin_vascular_046.jpg,train,vascular,C:\Users\SHANMUGA\Desktop\gut\data\skin\train\vascular\skin_vascular_046.jpg
skin_vascular_047.jpg,train,vascular,C:\Users\SHANMUGA\Desktop\gut\data\skin\train\vascular\skin_vascular_047.jpg
skin_vascular_048.jpg,train,vascular,C:\Users\SHANMUGA\Desktop\gut\data\skin\train\vascular\skin_vascular_048.jpg
skin_vascular_049.jpg,train,vascular,C:\Users\SHANMUGA\Desktop\gut\data\skin\train\vascular\skin_vascular_049.jpg
skin_vascular_050.jpg,train,vascular,C:\Users\SHANMUGA\Desktop\gut\data\skin\train\vascular\skin_vascular_050.jpg
skin_vascular_051.jpg,train,vascular,C:\Users\SHANMUGA\Desktop\gut\data\skin\train\vascular\skin_vascular_051.jpg
skin_vascular_052.jpg,train,vascular,C:\Users\SHANMUGA\Desktop\gut\data\skin\train\vascular\skin_vascular_052.jpg
skin_vascular_053.jpg,train,vascular,C:\Users\SHANMUGA\Desktop\gut\data\skin\train\vascular\skin_vascular_053.jpg
skin_vascular_054.jpg,train,vascular,C:\Users\SHANMUGA\Desktop\gut\data\skin\train\vascular\skin_vascular_054.jpg
skin_vascular_055.jpg,train,vascular,C:\Users\SHANMUGA\Desktop\gut\data\skin\train\vascular\skin_vascular_055.jpg
skin_vascular_056.jpg,train,vascular,C:\Users\SHANMUGA\Desktop\gut\data\skin\train\vascular\skin_vascular_056.jpg
skin_vascular_057.jpg,train,vascular,C:\Users\SHANMUGA\Desktop\gut\data\skin\train\vascular\skin_vascular_057.jpg
skin_vascular_058.jpg,train,vascular,C:\Users\SHANMUGA\Desktop\gut\data\skin\train\vascular\skin_vascular_058.jpg
skin_vascular_059.jpg,train,vascular,C:\Users\SHANMUGA\Desktop\gut\data\skin\train\vascular\skin_vascular_059.jpg
skin_vascular_060.jpg,train,vascular,C:\Users\SHANMUGA\Desktop\gut\data\skin\train\vascular\skin_vascular_060.jpg
skin_vascular_061.jpg,train,vascular,C:\Users\SHANMUGA\Desktop\gut\data\skin\train\vascular\skin_vascular_061.jpg
skin_vascular_062.jpg,train,vascular,C:\Users\SHANMUGA\Desktop\gut\data\skin\train\vascular\skin_vascular_062.jpg
skin_vascular_063.jpg,train,vascular,C:\Users\SHANMUGA\Desktop\gut\data\skin\train\vascular\skin_vascular_063.jpg
skin_vascular_064.jpg,train,vascular,C:\Users\SHANMUGA\Desktop\gut\data\skin\train\vascular\skin_vascular_064.jpg
skin_vascular_065.jpg,train,vascular,C:\Users\SHANMUGA\Desktop\gut\data\skin\train\vascular\skin_vascular_065.jpg
skin_vascular_066.jpg,train,vascular,C:\Users\SHANMUGA\Desktop\gut\data\skin\train\vascular\skin_vascular_066.jpg
skin_vascular_067.jpg,train,vascular,C:\Users\SHANMUGA\Desktop\gut\data\skin\train\vascular\skin_vascular_067.jpg
skin_vascular_068.jpg,train,vascular,C:\Users\SHANMUGA\Desktop\gut\data\skin\train\vascular\skin_vascular_068.jpg
skin_vascular_069.jpg,train,vascular,C:\Users\SHANMUGA\Desktop\gut\data\skin\train\vascular\skin_vascular_069.jpg
skin_vascular_070.jpg,train,vascular,C:\Users\SHANMUGA\Desktop\gut\data\skin\train\vascular\skin_vascular_070.jpg
skin_vascular_071.jpg,train,vascular,C:\Users\SHANMUGA\Desktop\gut\data\skin\train\vascular\skin_vascular_071.jpg
skin_vascular_072.jpg,train,vascular,C:\Users\SHANMUGA\Desktop\gut\data\skin\train\vascular\skin_vascular_072.jpg
skin_vascular_073.jpg,train,vascular,C:\Users\SHANMUGA\Desktop\gut\data\skin\train\vascular\skin_vascular_073.jpg
skin_vascular_074.jpg,train,vascular,C:\Users\SHANMUGA\Desktop\gut\data\skin\train\vascular\skin_vascular_074.jpg
skin_vascular_075.jpg,train,vascular,C:\Users\SHANMUGA\Desktop\gut\data\skin\train\vascular\skin_vascular_075.jpg
skin_vascular_076.jpg,train,vascular,C:\Users\SHANMUGA\Desktop\gut\data\skin\train\vascular\skin_vascular_076.jpg
skin_vascular_077.jpg,train,vascular,C:\Users\SHANMUGA\Desktop\gut\data\skin\train\vascular\skin_vascular_077.jpg
skin_vascular_078.jpg,train,vascular,C:\Users\SHANMUGA\Desktop\gut\data\skin\train\vascular\skin_vascular_078.jpg
skin_vascular_079.jpg,train,vascular,C:\Users\SHANMUGA\Desktop\gut\data\skin\train\vascular\skin_vascular_079.jpg
skin_vascular_080.jpg,val,vascular,C:\Users\SHANMUGA\Desktop\gut\data\skin\val\vascular\skin_vascular_080.jpg
skin_vascular_081.jpg,val,vascular,C:\Users\SHANMUGA\Desktop\gut\data\skin\val\vascular\skin_vascular_081.jpg
skin_vascular_082.jpg,val,vascular,C:\Users\SHANMUGA\Desktop\gut\data\skin\val\vascular\skin_vascular_082.jpg
skin_vascular_083.jpg,val,vascular,C:\Users\SHANMUGA\Desktop\gut\data\skin\val\vascular\skin_vascular_083.jpg
skin_vascular_084.jpg,val,vascular,C:\Users\SHANMUGA\Desktop\gut\data\skin\val\vascular\skin_vascular_084.jpg
skin_vascular_085.jpg,val,vascular,C:\Users\SHANMUGA\Desktop\gut\data\skin\val\vascular\skin_vascular_085.jpg
skin_vascular_086.jpg,val,vascular,C:\Users\SHANMUGA\Desktop\gut\data\skin\val\vascular\skin_vascular_086.jpg
skin_vascular_087.jpg,val,vascular,C:\Users\SHANMUGA\Desktop\gut\data\skin\val\vascular\skin_vascular_087.jpg
skin_vascular_088.jpg,val,vascular,C:\Users\SHANMUGA\Desktop\gut\data\skin\val\vascular\skin_vascular_088.jpg
skin_vascular_089.jpg,val,vascular,C:\Users\SHANMUGA\Desktop\gut\data\skin\val\vascular\skin_vascular_089.jpg
skin_vascular_090.jpg,val,vascular,C:\Users\SHANMUGA\Desktop\gut\data\skin\val\vascular\skin_vascular_090.jpg
skin_vascular_091.jpg,val,vascular,C:\Users\SHANMUGA\Desktop\gut\data\skin\val\vascular\skin_vascular_091.jpg
skin_vascular_092.jpg,val,vascular,C:\Users\SHANMUGA\Desktop\gut\data\skin\val\vascular\skin_vascular_092.jpg
skin_vascular_093.jpg,val,vascular,C:\Users\SHANMUGA\Desktop\gut\data\skin\val\vascular\skin_vascular_093.jpg
skin_vascular_094.jpg,val,vascular,C:\Users\SHANMUGA\Desktop\gut\data\skin\val\vascular\skin_vascular_094.jpg
skin_vascular_095.jpg,val,vascular,C:\Users\SHANMUGA\Desktop\gut\data\skin\val\vascular\skin_vascular_095.jpg
skin_vascular_096.jpg,val,vascular,C:\Users\SHANMUGA\Desktop\gut\data\skin\val\vascular\skin_vascular_096.jpg
skin_vascular_097.jpg,val,vascular,C:\Users\SHANMUGA\Desktop\gut\data\skin\val\vascular\skin_vascular_097.jpg
skin_vascular_098.jpg,val,vascular,C:\Users\SHANMUGA\Desktop\gut\data\skin\val\vascular\skin_vascular_098.jpg
skin_vascular_099.jpg,val,vascular,C:\Users\SHANMUGA\Desktop\gut\data\skin\val\vascular\skin_vascular_099.jpg
skin_vascular_100.jpg,test,vascular,C:\Users\SHANMUGA\Desktop\gut\data\skin\test\vascular\skin_vascular_100.jpg
skin_vascular_101.jpg,test,vascular,C:\Users\SHANMUGA\Desktop\gut\data\skin\test\vascular\skin_vascular_101.jpg
skin_vascular_102.jpg,test,vascular,C:\Users\SHANMUGA\Desktop\gut\data\skin\test\vascular\skin_vascular_102.jpg
skin_vascular_103.jpg,test,vascular,C:\Users\SHANMUGA\Desktop\gut\data\skin\test\vascular\skin_vascular_103.jpg
skin_vascular_104.jpg,test,vascular,C:\Users\SHANMUGA\Desktop\gut\data\skin\test\vascular\skin_vascular_104.jpg
skin_vascular_105.jpg,test,vascular,C:\Users\SHANMUGA\Desktop\gut\data\skin\test\vascular\skin_vascular_105.jpg
skin_vascular_106.jpg,test,vascular,C:\Users\SHANMUGA\Desktop\gut\data\skin\test\vascular\skin_vascular_106.jpg
skin_vascular_107.jpg,test,vascular,C:\Users\SHANMUGA\Desktop\gut\data\skin\test\vascular\skin_vascular_107.jpg
skin_vascular_108.jpg,test,vascular,C:\Users\SHANMUGA\Desktop\gut\data\skin\test\vascular\skin_vascular_108.jpg
skin_vascular_109.jpg,test,vascular,C:\Users\SHANMUGA\Desktop\gut\data\skin\test\vascular\skin_vascular_109.jpg
skin_vascular_110.jpg,test,vascular,C:\Users\SHANMUGA\Desktop\gut\data\skin\test\vascular\skin_vascular_110.jpg
skin_vascular_111.jpg,test,vascular,C:\Users\SHANMUGA\Desktop\gut\data\skin\test\vascular\skin_vascular_111.jpg
skin_vascular_112.jpg,test,vascular,C:\Users\SHANMUGA\Desktop\gut\data\skin\test\vascular\skin_vascular_112.jpg
skin_vascular_113.jpg,test,vascular,C:\Users\SHANMUGA\Desktop\gut\data\skin\test\vascular\skin_vascular_113.jpg
skin_vascular_114.jpg,test,vascular,C:\Users\SHANMUGA\Desktop\gut\data\skin\test\vascular\skin_vascular_114.jpg
skin_vascular_115.jpg,test,vascular,C:\Users\SHANMUGA\Desktop\gut\data\skin\test\vascular\skin_vascular_115.jpg
skin_vascular_116.jpg,test,vascular,C:\Users\SHANMUGA\Desktop\gut\data\skin\test\vascular\skin_vascular_116.jpg
skin_vascular_117.jpg,test,vascular,C:\Users\SHANMUGA\Desktop\gut\data\skin\test\vascular\skin_vascular_117.jpg
skin_vascular_118.jpg,test,vascular,C:\Users\SHANMUGA\Desktop\gut\data\skin\test\vascular\skin_vascular_118.jpg
skin_vascular_119.jpg,test,vascular,C:\Users\SHANMUGA\Desktop\gut\data\skin\test\vascular\skin_vascular_119.jpg
skin_melanocytic_000.jpg,train,melanocytic,C:\Users\SHANMUGA\Desktop\gut\data\skin\train\melanocytic\skin_melanocytic_000.jpg
skin_melanocytic_001.jpg,train,melanocytic,C:\Users\SHANMUGA\Desktop\gut\data\skin\train\melanocytic\skin_melanocytic_001.jpg
skin_melanocytic_002.jpg,train,melanocytic,C:\Users\SHANMUGA\Desktop\gut\data\skin\train\melanocytic\skin_melanocytic_002.jpg
skin_melanocytic_003.jpg,train,melanocytic,C:\Users\SHANMUGA\Desktop\gut\data\skin\train\melanocytic\skin_melanocytic_003.jpg
skin_melanocytic_004.jpg,train,melanocytic,C:\Users\SHANMUGA\Desktop\gut\data\skin\train\melanocytic\skin_melanocytic_004.jpg
skin_melanocytic_005.jpg,train,melanocytic,C:\Users\SHANMUGA\Desktop\gut\data\skin\train\melanocytic\skin_melanocytic_005.jpg
skin_melanocytic_006.jpg,train,melanocytic,C:\Users\SHANMUGA\Desktop\gut\data\skin\train\melanocytic\skin_melanocytic_006.jpg
skin_melanocytic_007.jpg,train,melanocytic,C:\Users\SHANMUGA\Desktop\gut\data\skin\train\melanocytic\skin_melanocytic_007.jpg
skin_melanocytic_008.jpg,train,melanocytic,C:\Users\SHANMUGA\Desktop\gut\data\skin\train\melanocytic\skin_melanocytic_008.jpg
skin_melanocytic_009.jpg,train,melanocytic,C:\Users\SHANMUGA\Desktop\gut\data\skin\train\melanocytic\skin_melanocytic_009.jpg
skin_melanocytic_010.jpg,train,melanocytic,C:\Users\SHANMUGA\Desktop\gut\data\skin\train\melanocytic\skin_melanocytic_010.jpg
skin_melanocytic_011.jpg,train,melanocytic,C:\Users\SHANMUGA\Desktop\gut\data\skin\train\melanocytic\skin_melanocytic_011.jpg
skin_melanocytic_012.jpg,train,melanocytic,C:\Users\SHANMUGA\Desktop\gut\data\skin\train\melanocytic\skin_melanocytic_012.jpg
skin_melanocytic_013.jpg,train,melanocytic,C:\Users\SHANMUGA\Desktop\gut\data\skin\train\melanocytic\skin_melanocytic_013.jpg
skin_melanocytic_014.jpg,train,melanocytic,C:\Users\SHANMUGA\Desktop\gut\data\skin\train\melanocytic\skin_melanocytic_014.jpg
skin_melanocytic_015.jpg,train,melanocytic,C:\Users\SHANMUGA\Desktop\gut\data\skin\train\melanocytic\skin_melanocytic_015.jpg
skin_melanocytic_016.jpg,train,melanocytic,C:\Users\SHANMUGA\Desktop\gut\data\skin\train\melanocytic\skin_melanocytic_016.jpg
skin_melanocytic_017.jpg,train,melanocytic,C:\Users\SHANMUGA\Desktop\gut\data\skin\train\melanocytic\skin_melanocytic_017.jpg
skin_melanocytic_018.jpg,train,melanocytic,C:\Users\SHANMUGA\Desktop\gut\data\skin\train\melanocytic\skin_melanocytic_018.jpg
skin_melanocytic_019.jpg,train,melanocytic,C:\Users\SHANMUGA\Desktop\gut\data\skin\train\melanocytic\skin_melanocytic_019.jpg
skin_melanocytic_020.jpg,train,melanocytic,C:\Users\SHANMUGA\Desktop\gut\data\skin\train\melanocytic\skin_melanocytic_020.jpg
skin_melanocytic_021.jpg,train,melanocytic,C:\Users\SHANMUGA\Desktop\gut\data\skin\train\melanocytic\skin_melanocytic_021.jpg
skin_melanocytic_022.jpg,train,melanocytic,C:\Users\SHANMUGA\Desktop\gut\data\skin\train\melanocytic\skin_melanocytic_022.jpg
skin_melanocytic_023.jpg,train,melanocytic,C:\Users\SHANMUGA\Desktop\gut\data\skin\train\melanocytic\skin_melanocytic_023.jpg
skin_melanocytic_024.jpg,train,melanocytic,C:\Users\SHANMUGA\Desktop\gut\data\skin\train\melanocytic\skin_melanocytic_024.jpg
skin_melanocytic_025.jpg,train,melanocytic,C:\Users\SHANMUGA\Desktop\gut\data\skin\train\melanocytic\skin_melanocytic_025.jpg
skin_melanocytic_026.jpg,train,melanocytic,C:\Users\SHANMUGA\Desktop\gut\data\skin\train\melanocytic\skin_melanocytic_026.jpg
skin_melanocytic_027.jpg,train,melanocytic,C:\Users\SHANMUGA\Desktop\gut\data\skin\train\melanocytic\skin_melanocytic_027.jpg
skin_melanocytic_028.jpg,train,melanocytic,C:\Users\SHANMUGA\Desktop\gut\data\skin\train\melanocytic\skin_melanocytic_028.jpg
skin_melanocytic_029.jpg,train,melanocytic,C:\Users\SHANMUGA\Desktop\gut\data\skin\train\melanocytic\skin_melanocytic_029.jpg
skin_melanocytic_030.jpg,train,melanocytic,C:\Users\SHANMUGA\Desktop\gut\data\skin\train\melanocytic\skin_melanocytic_030.jpg
skin_melanocytic_031.jpg,train,melanocytic,C:\Users\SHANMUGA\Desktop\gut\data\skin\train\melanocytic\skin_melanocytic_031.jpg
skin_melanocytic_032.jpg,train,melanocytic,C:\Users\SHANMUGA\Desktop\gut\data\skin\train\melanocytic\skin_melanocytic_032.jpg
skin_melanocytic_033.jpg,train,melanocytic,C:\Users\SHANMUGA\Desktop\gut\data\skin\train\melanocytic\skin_melanocytic_033.jpg
skin_melanocytic_034.jpg,train,melanocytic,C:\Users\SHANMUGA\Desktop\gut\data\skin\train\melanocytic\skin_melanocytic_034.jpg
skin_melanocytic_035.jpg,train,melanocytic,C:\Users\SHANMUGA\Desktop\gut\data\skin\train\melanocytic\skin_melanocytic_035.jpg
skin_melanocytic_036.jpg,train,melanocytic,C:\Users\SHANMUGA\Desktop\gut\data\skin\train\melanocytic\skin_melanocytic_036.jpg
skin_melanocytic_037.jpg,train,melanocytic,C:\Users\SHANMUGA\Desktop\gut\data\skin\train\melanocytic\skin_melanocytic_037.jpg
skin_melanocytic_038.jpg,train,melanocytic,C:\Users\SHANMUGA\Desktop\gut\data\skin\train\melanocytic\skin_melanocytic_038.jpg
skin_melanocytic_039.jpg,train,melanocytic,C:\Users\SHANMUGA\Desktop\gut\data\skin\train\melanocytic\skin_melanocytic_039.jpg
skin_melanocytic_040.jpg,train,melanocytic,C:\Users\SHANMUGA\Desktop\gut\data\skin\train\melanocytic\skin_melanocytic_040.jpg
skin_melanocytic_041.jpg,train,melanocytic,C:\Users\SHANMUGA\Desktop\gut\data\skin\train\melanocytic\skin_melanocytic_041.jpg
skin_melanocytic_042.jpg,train,melanocytic,C:\Users\SHANMUGA\Desktop\gut\data\skin\train\melanocytic\skin_melanocytic_042.jpg
skin_melanocytic_043.jpg,train,melanocytic,C:\Users\SHANMUGA\Desktop\gut\data\skin\train\melanocytic\skin_melanocytic_043.jpg
skin_melanocytic_044.jpg,train,melanocytic,C:\Users\SHANMUGA\Desktop\gut\data\skin\train\melanocytic\skin_melanocytic_044.jpg
skin_melanocytic_045.jpg,train,melanocytic,C:\Users\SHANMUGA\Desktop\gut\data\skin\train\melanocytic\skin_melanocytic_045.jpg
skin_melanocytic_046.jpg,train,melanocytic,C:\Users\SHANMUGA\Desktop\gut\data\skin\train\melanocytic\skin_melanocytic_046.jpg
skin_melanocytic_047.jpg,train,melanocytic,C:\Users\SHANMUGA\Desktop\gut\data\skin\train\melanocytic\skin_melanocytic_047.jpg
skin_melanocytic_048.jpg,train,melanocytic,C:\Users\SHANMUGA\Desktop\gut\data\skin\train\melanocytic\skin_melanocytic_048.jpg
skin_melanocytic_049.jpg,train,melanocytic,C:\Users\SHANMUGA\Desktop\gut\data\skin\train\melanocytic\skin_melanocytic_049.jpg
skin_melanocytic_050.jpg,train,melanocytic,C:\Users\SHANMUGA\Desktop\gut\data\skin\train\melanocytic\skin_melanocytic_050.jpg
skin_melanocytic_051.jpg,train,melanocytic,C:\Users\SHANMUGA\Desktop\gut\data\skin\train\melanocytic\skin_melanocytic_051.jpg
skin_melanocytic_052.jpg,train,melanocytic,C:\Users\SHANMUGA\Desktop\gut\data\skin\train\melanocytic\skin_melanocytic_052.jpg
skin_melanocytic_053.jpg,train,melanocytic,C:\Users\SHANMUGA\Desktop\gut\data\skin\train\melanocytic\skin_melanocytic_053.jpg
skin_melanocytic_054.jpg,train,melanocytic,C:\Users\SHANMUGA\Desktop\gut\data\skin\train\melanocytic\skin_melanocytic_054.jpg
skin_melanocytic_055.jpg,train,melanocytic,C:\Users\SHANMUGA\Desktop\gut\data\skin\train\melanocytic\skin_melanocytic_055.jpg
skin_melanocytic_056.jpg,train,melanocytic,C:\Users\SHANMUGA\Desktop\gut\data\skin\train\melanocytic\skin_melanocytic_056.jpg
skin_melanocytic_057.jpg,train,melanocytic,C:\Users\SHANMUGA\Desktop\gut\data\skin\train\melanocytic\skin_melanocytic_057.jpg
skin_melanocytic_058.jpg,train,melanocytic,C:\Users\SHANMUGA\Desktop\gut\data\skin\train\melanocytic\skin_melanocytic_058.jpg
skin_melanocytic_059.jpg,train,melanocytic,C:\Users\SHANMUGA\Desktop\gut\data\skin\train\melanocytic\skin_melanocytic_059.jpg
skin_melanocytic_060.jpg,train,melanocytic,C:\Users\SHANMUGA\Desktop\gut\data\skin\train\melanocytic\skin_melanocytic_060.jpg
skin_melanocytic_061.jpg,train,melanocytic,C:\Users\SHANMUGA\Desktop\gut\data\skin\train\melanocytic\skin_melanocytic_061.jpg
skin_melanocytic_062.jpg,train,melanocytic,C:\Users\SHANMUGA\Desktop\gut\data\skin\train\melanocytic\skin_melanocytic_062.jpg
skin_melanocytic_063.jpg,train,melanocytic,C:\Users\SHANMUGA\Desktop\gut\data\skin\train\melanocytic\skin_melanocytic_063.jpg
skin_melanocytic_064.jpg,train,melanocytic,C:\Users\SHANMUGA\Desktop\gut\data\skin\train\melanocytic\skin_melanocytic_064.jpg
skin_melanocytic_065.jpg,train,melanocytic,C:\Users\SHANMUGA\Desktop\gut\data\skin\train\melanocytic\skin_melanocytic_065.jpg
skin_melanocytic_066.jpg,train,melanocytic,C:\Users\SHANMUGA\Desktop\gut\data\skin\train\melanocytic\skin_melanocytic_066.jpg
skin_melanocytic_067.jpg,train,melanocytic,C:\Users\SHANMUGA\Desktop\gut\data\skin\train\melanocytic\skin_melanocytic_067.jpg
skin_melanocytic_068.jpg,train,melanocytic,C:\Users\SHANMUGA\Desktop\gut\data\skin\train\melanocytic\skin_melanocytic_068.jpg
skin_melanocytic_069.jpg,train,melanocytic,C:\Users\SHANMUGA\Desktop\gut\data\skin\train\melanocytic\skin_melanocytic_069.jpg
skin_melanocytic_070.jpg,train,melanocytic,C:\Users\SHANMUGA\Desktop\gut\data\skin\train\melanocytic\skin_melanocytic_070.jpg
skin_melanocytic_071.jpg,train,melanocytic,C:\Users\SHANMUGA\Desktop\gut\data\skin\train\melanocytic\skin_melanocytic_071.jpg
skin_melanocytic_072.jpg,train,melanocytic,C:\Users\SHANMUGA\Desktop\gut\data\skin\train\melanocytic\skin_melanocytic_072.jpg
skin_melanocytic_073.jpg,train,melanocytic,C:\Users\SHANMUGA\Desktop\gut\data\skin\train\melanocytic\skin_melanocytic_073.jpg
skin_melanocytic_074.jpg,train,melanocytic,C:\Users\SHANMUGA\Desktop\gut\data\skin\train\melanocytic\skin_melanocytic_074.jpg
skin_melanocytic_075.jpg,train,melanocytic,C:\Users\SHANMUGA\Desktop\gut\data\skin\train\melanocytic\skin_melanocytic_075.jpg
skin_melanocytic_076.jpg,train,melanocytic,C:\Users\SHANMUGA\Desktop\gut\data\skin\train\melanocytic\skin_melanocytic_076.jpg
skin_melanocytic_077.jpg,train,melanocytic,C:\Users\SHANMUGA\Desktop\gut\data\skin\train\melanocytic\skin_melanocytic_077.jpg
skin_melanocytic_078.jpg,train,melanocytic,C:\Users\SHANMUGA\Desktop\gut\data\skin\train\melanocytic\skin_melanocytic_078.jpg
skin_melanocytic_079.jpg,train,melanocytic,C:\Users\SHANMUGA\Desktop\gut\data\skin\train\melanocytic\skin_melanocytic_079.jpg
skin_melanocytic_080.jpg,val,melanocytic,C:\Users\SHANMUGA\Desktop\gut\data\skin\val\melanocytic\skin_melanocytic_080.jpg
skin_melanocytic_081.jpg,val,melanocytic,C:\Users\SHANMUGA\Desktop\gut\data\skin\val\melanocytic\skin_melanocytic_081.jpg
skin_melanocytic_082.jpg,val,melanocytic,C:\Users\SHANMUGA\Desktop\gut\data\skin\val\melanocytic\skin_melanocytic_082.jpg
skin_melanocytic_083.jpg,val,melanocytic,C:\Users\SHANMUGA\Desktop\gut\data\skin\val\melanocytic\skin_melanocytic_083.jpg
skin_melanocytic_084.jpg,val,melanocytic,C:\Users\SHANMUGA\Desktop\gut\data\skin\val\melanocytic\skin_melanocytic_084.jpg
skin_melanocytic_085.jpg,val,melanocytic,C:\Users\SHANMUGA\Desktop\gut\data\skin\val\melanocytic\skin_melanocytic_085.jpg
skin_melanocytic_086.jpg,val,melanocytic,C:\Users\SHANMUGA\Desktop\gut\data\skin\val\melanocytic\skin_melanocytic_086.jpg
skin_melanocytic_087.jpg,val,melanocytic,C:\Users\SHANMUGA\Desktop\gut\data\skin\val\melanocytic\skin_melanocytic_087.jpg
skin_melanocytic_088.jpg,val,melanocytic,C:\Users\SHANMUGA\Desktop\gut\data\skin\val\melanocytic\skin_melanocytic_088.jpg
skin_melanocytic_089.jpg,val,melanocytic,C:\Users\SHANMUGA\Desktop\gut\data\skin\val\melanocytic\skin_melanocytic_089.jpg
skin_melanocytic_090.jpg,val,melanocytic,C:\Users\SHANMUGA\Desktop\gut\data\skin\val\melanocytic\skin_melanocytic_090.jpg
skin_melanocytic_091.jpg,val,melanocytic,C:\Users\SHANMUGA\Desktop\gut\data\skin\val\melanocytic\skin_melanocytic_091.jpg
skin_melanocytic_092.jpg,val,melanocytic,C:\Users\SHANMUGA\Desktop\gut\data\skin\val\melanocytic\skin_melanocytic_092.jpg
skin_melanocytic_093.jpg,val,melanocytic,C:\Users\SHANMUGA\Desktop\gut\data\skin\val\melanocytic\skin_melanocytic_093.jpg
skin_melanocytic_094.jpg,val,melanocytic,C:\Users\SHANMUGA\Desktop\gut\data\skin\val\melanocytic\skin_melanocytic_094.jpg
skin_melanocytic_095.jpg,val,melanocytic,C:\Users\SHANMUGA\Desktop\gut\data\skin\val\melanocytic\skin_melanocytic_095.jpg
skin_melanocytic_096.jpg,val,melanocytic,C:\Users\SHANMUGA\Desktop\gut\data\skin\val\melanocytic\skin_melanocytic_096.jpg
skin_melanocytic_097.jpg,val,melanocytic,C:\Users\SHANMUGA\Desktop\gut\data\skin\val\melanocytic\skin_melanocytic_097.jpg
skin_melanocytic_098.jpg,val,melanocytic,C:\Users\SHANMUGA\Desktop\gut\data\skin\val\melanocytic\skin_melanocytic_098.jpg
skin_melanocytic_099.jpg,val,melanocytic,C:\Users\SHANMUGA\Desktop\gut\data\skin\val\melanocytic\skin_melanocytic_099.jpg
skin_melanocytic_100.jpg,test,melanocytic,C:\Users\SHANMUGA\Desktop\gut\data\skin\test\melanocytic\skin_melanocytic_100.jpg
skin_melanocytic_101.jpg,test,melanocytic,C:\Users\SHANMUGA\Desktop\gut\data\skin\test\melanocytic\skin_melanocytic_101.jpg
skin_melanocytic_102.jpg,test,melanocytic,C:\Users\SHANMUGA\Desktop\gut\data\skin\test\melanocytic\skin_melanocytic_102.jpg
skin_melanocytic_103.jpg,test,melanocytic,C:\Users\SHANMUGA\Desktop\gut\data\skin\test\melanocytic\skin_melanocytic_103.jpg
skin_melanocytic_104.jpg,test,melanocytic,C:\Users\SHANMUGA\Desktop\gut\data\skin\test\melanocytic\skin_melanocytic_104.jpg
skin_melanocytic_105.jpg,test,melanocytic,C:\Users\SHANMUGA\Desktop\gut\data\skin\test\melanocytic\skin_melanocytic_105.jpg
skin_melanocytic_106.jpg,test,melanocytic,C:\Users\SHANMUGA\Desktop\gut\data\skin\test\melanocytic\skin_melanocytic_106.jpg
skin_melanocytic_107.jpg,test,melanocytic,C:\Users\SHANMUGA\Desktop\gut\data\skin\test\melanocytic\skin_melanocytic_107.jpg
skin_melanocytic_108.jpg,test,melanocytic,C:\Users\SHANMUGA\Desktop\gut\data\skin\test\melanocytic\skin_melanocytic_108.jpg
skin_melanocytic_109.jpg,test,melanocytic,C:\Users\SHANMUGA\Desktop\gut\data\skin\test\melanocytic\skin_melanocytic_109.jpg
skin_melanocytic_110.jpg,test,melanocytic,C:\Users\SHANMUGA\Desktop\gut\data\skin\test\melanocytic\skin_melanocytic_110.jpg
skin_melanocytic_111.jpg,test,melanocytic,C:\Users\SHANMUGA\Desktop\gut\data\skin\test\melanocytic\skin_melanocytic_111.jpg
skin_melanocytic_112.jpg,test,melanocytic,C:\Users\SHANMUGA\Desktop\gut\data\skin\test\melanocytic\skin_melanocytic_112.jpg
skin_melanocytic_113.jpg,test,melanocytic,C:\Users\SHANMUGA\Desktop\gut\data\skin\test\melanocytic\skin_melanocytic_113.jpg
skin_melanocytic_114.jpg,test,melanocytic,C:\Users\SHANMUGA\Desktop\gut\data\skin\test\melanocytic\skin_melanocytic_114.jpg
skin_melanocytic_115.jpg,test,melanocytic,C:\Users\SHANMUGA\Desktop\gut\data\skin\test\melanocytic\skin_melanocytic_115.jpg
skin_melanocytic_116.jpg,test,melanocytic,C:\Users\SHANMUGA\Desktop\gut\data\skin\test\melanocytic\skin_melanocytic_116.jpg
skin_melanocytic_117.jpg,test,melanocytic,C:\Users\SHANMUGA\Desktop\gut\data\skin\test\melanocytic\skin_melanocytic_117.jpg
skin_melanocytic_118.jpg,test,melanocytic,C:\Users\SHANMUGA\Desktop\gut\data\skin\test\melanocytic\skin_melanocytic_118.jpg
skin_melanocytic_119.jpg,test,melanocytic,C:\Users\SHANMUGA\Desktop\gut\data\skin\test\melanocytic\skin_melanocytic_119.jpg
